id,trust
34344,0
15129,0
32408,0
33964,0
18700,1
10938,0
34460,0
19038,0
32415,1
1919,1
20164,1
30223,-1
20513,0
12429,1
32583,1
36960,0
25406,1
43660,0
9833,0
42477,1
2322,0
8913,1
21862,0
13116,1
26034,1
23001,1
40968,0
41871,0
12230,0
20033,1
4563,-1
5071,1
465,1
37621,0
40422,0
29586,1
5264,0
26319,1
27319,1
20206,1
43928,0
38729,0
26640,0
6102,0
29579,1
6418,0
4006,0
41597,0
27632,1
43669,0
236,1
18808,1
22919,1
19978,0
40834,0
43384,0
8621,1
30762,-1
38787,0
24718,1
9048,1
5045,1
40640,0
5610,0
33042,0
5463,0
748,1
21975,0
26648,1
37038,0
9936,1
27976,1
24646,0
29488,0
6832,0
37777,1
29801,-1
30704,1
9826,1
16478,0
7155,0
27701,0
343,-1
27478,1
6119,1
33420,0
18691,0
39977,0
35598,0
41211,0
31557,-1
37149,0
10092,0
12804,0
14926,0
3150,1
10706,0
4748,1
20132,1
31213,0
43929,0
3482,1
40854,0
41293,0
2579,1
781,1
31102,0
8474,0
42825,0
15307,0
6333,1
9066,0
4976,0
38149,0
43799,0
34483,0
6310,1
8231,0
31833,-1
11586,1
20633,-1
14830,0
13128,1
15277,0
20295,-1
9976,1
7147,0
41605,0
35965,-1
2385,0
20067,1
2348,0
14673,0
7040,-1
35489,0
41650,0
9830,0
5657,0
21933,0
6442,0
13468,1
38928,1
9880,1
27905,0
32466,0
13098,0
14020,0
9291,0
32019,0
33901,-1
2007,0
4393,0
44374,0
31955,0
27487,1
33542,0
14165,1
38425,0
30749,0
25356,0
13152,0
39251,0
20532,0
10009,0
14222,1
31926,1
30591,1
10754,1
12512,0
32630,0
9024,1
38642,0
33798,-1
43779,0
44495,0
29594,1
15119,0
9464,0
36457,0
28025,0
25621,1
2055,0
31101,0
41380,0
35663,0
22125,0
33907,0
13697,0
42669,1
26441,1
8047,1
32341,0
19200,1
31680,0
8293,0
3931,0
33547,0
27372,0
9744,0
20246,0
481,1
2191,0
13931,1
12239,0
34541,-1
34053,0
13971,1
29272,1
40412,-1
42230,1
9424,1
6415,1
35486,0
41129,1
1503,1
8125,1
39981,0
10344,0
1770,0
38136,0
31744,0
18787,1
41084,0
41342,0
35103,0
43413,0
8054,1
30576,1
19166,0
12722,1
25303,1
12030,0
35604,0
22122,-1
34407,0
42476,0
17250,-1
8288,0
16699,1
43803,0
38338,0
2182,-1
34299,1
7707,0
12479,1
19756,0
6776,-1
40162,0
32595,0
11966,0
12786,0
22710,1
23640,1
43285,0
9426,0
486,1
27357,1
5843,1
29162,0
3339,0
17484,0
20770,1
34459,0
37750,0
8578,0
26963,1
43554,0
3953,0
24397,0
16377,1
42903,-1
1603,0
25084,0
12136,1
6282,1
40003,0
37371,-1
29101,1
19246,1
9270,1
18299,1
26854,1
43853,0
37051,0
10650,-1
27848,0
38731,1
13629,0
14712,0
31390,0
38102,0
8140,0
36556,-1
4586,0
24564,0
37181,1
3510,1
35617,0
3217,1
8608,0
38142,0
37500,0
25924,1
18739,1
27550,1
2755,1
7581,1
13250,1
39689,0
5546,0
30034,1
38063,0
6088,1
40828,0
29371,1
9323,1
22874,1
12703,1
29796,0
35497,0
21409,0
35533,0
16488,0
29641,1
6570,-1
42474,0
30773,1
31866,-1
24594,-1
1497,0
7001,0
15222,0
23829,1
35916,0
15033,1
31402,0
27278,-1
9386,0
19236,1
37021,0
42193,0
13990,1
14784,-1
42779,0
30616,1
10822,-1
29517,1
9315,1
36254,0
42752,0
42223,0
22725,1
37200,-1
6988,0
21149,0
26374,1
19307,0
39769,0
19336,0
20262,1
20668,1
26818,1
10034,0
32438,0
21656,1
19133,0
18011,1
43984,0
32299,0
16940,0
8405,0
33256,0
26579,1
6805,-1
11682,0
13334,1
31824,0
41488,-1
36795,0
31006,1
16576,1
24935,0
24073,1
12115,1
43748,0
19065,1
30521,0
7064,1
12279,1
31768,0
12072,0
38632,0
44216,0
28228,0
41945,0
9507,0
24245,1
5914,1
20448,0
11305,1
9536,0
14012,1
31240,0
24586,0
11524,0
41702,-1
5961,1
37082,1
20397,-1
26868,1
13424,0
8439,1
31572,0
1776,0
9538,-1
12938,0
9916,1
42471,0
17366,0
18543,1
38717,1
4935,1
6558,0
25440,1
6891,0
38523,1
31304,0
37658,-1
8665,0
10251,0
44517,0
30869,0
9633,1
2756,0
4204,0
43582,0
2791,0
25289,0
39534,0
27514,1
9968,1
12449,1
2678,-1
16584,0
31732,0
36035,0
8001,1
29530,0
17776,0
1874,0
33759,0
8342,1
37694,0
22078,0
18878,1
13490,1
13151,1
17131,0
11747,0
55,1
615,1
11802,0
42939,0
39037,0
9091,0
32591,1
32731,0
41410,0
7162,-1
37744,0
35506,0
32670,0
18686,0
19404,0
43641,0
1813,1
10091,1
26218,1
12708,1
32114,0
23691,0
7098,0
15322,1
6017,1
28948,1
30173,-1
37135,1
23911,1
4227,0
14408,-1
27062,1
37566,0
21808,0
35018,0
8268,1
37661,0
5547,1
20719,0
27892,1
14111,1
42337,0
4237,1
18343,1
27288,0
7390,1
31911,1
21985,-1
7046,0
30975,1
32577,0
4300,0
27704,1
42660,-1
37813,0
37576,0
9750,1
35941,0
42553,0
12120,0
29989,-1
39608,0
11628,-1
41430,0
8123,-1
25633,1
43081,0
7452,1
42757,0
30077,0
14749,1
22117,1
30264,0
15070,0
25535,0
10228,0
5654,0
18138,-1
8072,-1
39731,0
17174,1
13897,-1
7115,0
37833,0
6987,0
16887,0
38852,0
42977,0
43595,0
9796,-1
37697,0
34448,0
20321,0
39476,1
42909,0
13478,1
31407,-1
2053,0
1595,0
46,0
2167,-1
38255,0
25849,1
14346,1
6888,0
30573,1
26707,1
42880,0
26634,1
39019,0
25855,0
21940,1
10794,1
5334,0
31897,1
13995,1
5983,0
13123,0
21971,0
13658,1
27124,0
37292,0
12454,1
4203,0
40973,0
14921,0
38153,0
36013,0
17106,1
12256,1
40484,0
34425,-1
23497,1
10722,0
4275,0
5478,0
14927,1
10436,1
37370,0
13577,-1
9128,0
4835,1
33417,0
44013,0
9261,0
32920,-1
514,1
6238,1
22728,1
8575,0
43643,0
44575,0
24482,0
5775,1
21390,0
23696,1
29334,0
41989,0
26274,0
42070,0
44474,0
16900,0
3715,1
25417,0
22016,0
37434,0
29976,1
16795,0
3654,0
16933,1
32481,0
25481,-1
30027,-1
20040,1
43181,0
12835,0
19314,0
43263,0
42963,0
32085,0
4404,1
22721,0
24192,0
33112,0
552,1
41396,0
21778,0
43576,1
41103,0
30185,0
8263,-1
31377,0
7357,1
36102,0
17051,0
27611,0
42494,0
42978,0
34002,0
40711,0
8843,0
10281,1
10043,1
38113,0
8977,0
42393,0
41808,0
33049,0
30775,1
25504,1
43879,0
20131,1
8437,0
12872,0
13539,0
43037,1
12453,1
17414,0
42301,0
2414,0
43796,0
29302,-1
3120,0
12475,0
4969,1
22677,1
34436,0
18043,1
858,0
14895,1
35633,0
22730,1
11582,-1
9966,0
42599,-1
16424,-1
23674,1
16580,1
40838,-1
14473,1
41000,-1
31381,0
41002,0
31560,-1
29615,1
9250,1
16342,1
16593,0
30777,1
31461,0
14666,0
35619,0
43686,0
29906,0
38789,0
597,1
21508,0
41208,1
43245,0
37696,0
522,0
9477,0
12652,0
14461,1
15355,1
3871,-1
31489,0
37081,0
21182,-1
24539,-1
32886,1
33439,0
36700,0
38715,0
16764,1
43208,-1
16490,-1
7470,1
5679,0
5051,0
18676,1
1494,0
4719,1
32671,0
5678,1
28139,1
18880,1
32985,0
19417,1
11978,0
8340,0
30606,1
38234,1
27889,0
37647,0
26491,1
2059,1
14424,1
43278,1
34225,0
39028,0
22657,0
43284,0
25840,1
23250,1
9360,1
23667,1
8792,1
5694,1
39710,0
30127,1
32924,0
13633,0
39848,0
26558,0
16844,0
15552,1
2375,0
42204,0
5758,-1
20757,0
40396,0
29643,0
1635,1
29264,1
27540,0
1744,0
24969,-1
40350,0
19992,1
31909,0
30883,1
34471,-1
24942,0
1881,0
38776,0
18988,1
35478,0
1831,0
14436,0
13208,0
25540,1
40656,0
6188,1
12617,1
20451,-1
3609,0
10212,-1
24563,-1
8445,0
16447,1
5304,0
13474,1
38800,0
14752,0
10533,-1
40849,0
41509,1
2248,1
4222,1
24476,0
29169,0
36260,1
10483,1
27070,1
20199,1
43584,0
25538,1
41244,0
19957,0
38515,0
16848,-1
4126,-1
23530,0
8465,0
28863,0
32143,1
4008,1
24900,0
9766,1
24338,0
327,1
19346,0
5140,1
23098,0
22884,1
30714,1
27773,1
8668,1
13413,0
43838,0
24057,0
37147,0
14242,0
40208,0
12319,0
14260,-1
5867,0
8604,-1
31518,0
39671,0
36615,-1
42459,-1
19124,1
41299,0
15064,0
15253,0
25921,0
7201,1
13354,1
9618,1
20203,1
8203,0
30677,1
43262,0
23237,1
16452,-1
19273,-1
12305,1
2378,1
17205,0
27320,1
43958,0
26271,-1
34497,0
24656,1
4464,1
6642,0
5420,1
6258,1
3199,1
29556,0
24812,0
18576,1
25492,1
33034,0
18807,1
30822,1
41454,0
24081,1
2433,0
43171,0
4021,1
32698,1
5695,0
40835,0
570,1
41172,0
32801,0
30405,1
42684,0
698,0
32354,0
34061,-1
10311,0
26333,0
20138,0
38782,0
4568,0
39640,0
42900,0
3332,0
30644,-1
33601,0
25395,0
8029,1
6939,0
9996,0
12877,-1
44201,0
4984,1
39725,0
25874,1
13865,1
9616,0
25212,1
12709,0
31198,-1
5828,1
32800,0
6151,-1
40538,0
20069,1
18759,1
26606,0
6839,0
25872,1
37921,0
43859,0
16945,0
19179,1
24580,1
42882,0
39533,1
26839,1
39253,0
24584,0
24821,1
32367,0
12406,1
41209,-1
37207,0
26182,0
1672,1
10133,0
31609,0
42913,0
35040,0
28067,0
38749,0
171,1
27545,1
35576,0
8902,0
2474,1
23363,0
1724,1
6056,1
4745,1
43546,0
42354,0
4926,-1
40632,0
28187,1
40984,0
43651,0
34813,0
10141,0
31033,0
26173,1
7056,-1
2482,0
21690,0
17184,-1
34302,0
14539,-1
9500,0
13636,0
32145,0
27063,1
14876,1
4519,1
24031,0
33212,0
31216,0
6428,0
16840,1
6966,0
40586,0
5331,-1
38795,0
37956,0
4510,1
9217,1
27950,1
1953,0
2029,-1
36064,0
13861,1
30694,1
18775,1
20727,1
30035,-1
37613,0
1575,0
13143,1
11242,0
23158,0
4687,0
2175,1
9478,0
44016,0
29089,0
12422,0
213,1
39578,0
5806,0
41511,0
31984,0
16459,0
44508,0
29133,0
6768,1
4663,0
9208,0
32602,0
20188,1
26460,1
9530,1
32917,0
38213,0
16902,1
32664,0
26816,0
24042,0
24638,0
43878,0
20055,1
38942,0
24596,0
29168,0
26858,0
13140,1
9650,-1
14112,1
20438,0
8246,0
14205,0
30339,0
25316,1
35498,0
8391,1
24463,1
5954,1
23624,0
7245,0
39928,0
29867,1
6245,0
19127,1
6170,-1
39918,0
26247,0
36631,0
9181,0
27534,0
12114,1
6853,0
2488,1
38124,0
14599,1
29340,0
30977,0
4037,1
23297,0
6070,0
27226,1
37595,0
12250,0
13238,1
20731,0
20004,1
35484,0
21359,0
25750,-1
5784,1
43032,0
5858,1
18685,0
33136,0
27769,1
4456,1
23273,0
1468,1
28936,1
43039,0
15134,0
585,0
6387,1
16698,1
25281,-1
20493,0
18323,1
26536,0
609,-1
14208,1
37214,0
5992,1
12388,1
29337,0
27121,1
36438,0
1598,1
11717,0
43166,0
6341,0
24296,1
10586,1
30589,0
5037,1
43889,0
34065,0
17015,0
29156,0
43921,0
10094,0
23390,1
34790,0
5285,1
1549,1
10297,1
40837,0
19004,0
44513,0
2988,0
30972,0
16636,0
21832,0
31819,0
14744,1
12378,1
11937,1
43265,0
4783,0
4086,0
4944,0
3316,0
13507,0
33074,-1
8433,0
8308,1
28184,0
41766,0
5313,-1
13680,0
42892,0
10089,1
23932,0
41896,-1
42071,0
2500,0
10830,1
14711,0
25698,0
29087,-1
8510,0
22688,1
29955,1
36612,1
24960,-1
33530,0
695,1
20281,1
6193,1
14869,0
37104,0
8350,0
13827,1
24517,0
21573,0
8864,0
43650,0
13505,0
14765,0
38256,0
8786,1
37827,0
43987,0
9289,1
41350,1
14494,1
40196,0
40899,0
31455,1
43149,0
4833,0
13184,0
32368,0
13117,1
8051,0
14998,-1
22944,0
5435,0
2177,1
35124,1
18656,0
32574,1
5503,0
1462,0
37767,0
44410,0
20090,0
36410,0
30681,1
12028,1
10545,-1
24593,1
29527,1
31056,0
42075,1
26891,1
42457,0
25401,1
395,1
34433,0
43926,0
33275,-1
27512,1
43805,0
20252,1
2436,0
13625,0
6995,0
43583,0
39802,0
24710,0
8188,1
27149,0
25498,0
13437,1
15555,1
18946,0
35515,1
35490,0
28862,0
6858,-1
26484,0
39752,0
20068,1
36589,0
25643,1
5996,0
29443,1
37466,0
37405,0
2123,1
19032,0
34211,0
11566,1
30017,-1
12377,1
13119,0
26734,0
29852,-1
31266,0
37755,-1
5586,0
27254,0
10583,1
29967,-1
30507,0
29614,1
6055,1
43391,0
1824,0
14458,0
42692,-1
41411,0
38903,1
610,1
6298,1
19228,1
44663,0
3941,1
2366,1
35639,0
28111,1
41397,0
93,1
18865,1
36075,0
38306,0
34310,0
29735,-1
30165,0
42728,-1
5633,0
16226,1
4216,0
4522,0
36111,-1
27596,0
1733,-1
12536,1
1642,0
32631,0
12029,1
31285,1
25448,1
40812,0
29425,1
14545,-1
4445,0
34557,0
37016,0
33067,0
12127,1
20595,0
33437,0
6249,0
33675,0
18231,1
7251,1
9348,1
37289,0
9015,0
37424,0
31573,-1
43887,0
13502,0
4411,1
3143,0
3077,1
37758,0
38834,0
35583,0
10628,-1
31255,1
36420,0
341,1
26993,1
27799,1
41413,-1
41492,0
37254,0
31935,0
43283,1
7128,1
32786,0
38931,-1
13660,1
43172,0
16921,0
27953,1
29884,0
29721,1
32322,0
2327,1
43892,0
10839,0
9452,1
23174,1
10295,-1
16316,0
38061,0
44705,0
3187,1
16441,-1
27075,1
25819,1
27290,0
40049,0
5055,0
32268,0
42927,0
4176,1
26909,1
40304,0
37638,0
9540,0
43699,0
29893,0
33416,0
36015,0
36915,0
8064,0
18347,0
6449,0
14670,1
27370,0
30103,0
30754,1
3816,0
2990,1
18690,1
12993,1
19271,0
6116,1
4149,0
29741,0
5831,1
26287,0
34465,0
29270,0
69,-1
25536,1
23981,1
12246,1
37347,0
43007,0
1781,1
17719,1
32080,1
43670,-1
16910,1
44369,0
43188,0
5738,1
21395,0
25378,1
28912,1
25310,1
25497,0
3572,1
31147,1
39477,0
9858,-1
27626,0
27643,0
591,0
20050,0
10785,-1
38090,0
34554,-1
25277,0
29466,1
11595,1
12777,0
33105,0
14453,0
6715,0
27661,1
28077,1
17097,1
35641,0
42137,0
17318,-1
28166,0
41585,0
11820,0
32487,0
10797,-1
30530,-1
30736,0
6590,0
31832,0
30416,0
41120,0
17001,-1
37984,-1
13256,1
5513,0
33103,0
33614,0
41607,0
36607,0
4749,1
19163,1
20734,1
20202,0
795,1
37966,0
42973,0
29602,1
27490,1
39402,0
40113,0
36867,-1
37606,0
2935,1
13430,1
22124,1
17986,0
29909,0
43270,0
7109,1
37831,0
15023,0
12277,1
26362,1
36917,0
6828,0
8793,0
37512,-1
22633,1
12393,1
38364,0
4585,0
17666,0
27103,1
1685,1
4493,0
37108,0
19125,1
40192,0
15140,0
11814,-1
6652,1
17856,0
33887,0
40226,0
18358,0
36978,0
9678,1
27158,1
9801,0
18847,0
5601,1
9269,0
6243,1
19386,1
10737,1
22056,0
43083,0
23185,1
18790,1
21794,0
10630,0
21646,0
7093,1
37438,0
4264,1
2522,1
26015,0
4504,1
9376,0
12959,1
29958,-1
43574,0
15363,1
12915,-1
27164,0
29723,1
27081,1
2531,-1
14901,1
4917,0
38284,0
7130,1
10375,1
44614,0
32201,1
7024,0
16216,1
37841,0
6423,0
37446,0
4655,0
32899,1
40532,0
14320,1
24394,0
8035,0
468,1
32102,1
19014,1
30994,1
7086,0
18952,1
23697,0
21883,0
29290,1
31523,1
10616,0
5945,1
28808,0
14778,0
25372,0
20537,0
32993,0
17663,0
21486,0
7131,0
19373,1
9853,1
10735,0
24802,1
4206,0
31880,1
34050,0
39006,0
9463,1
2547,0
18727,1
8624,0
14318,0
8626,-1
13963,0
18610,1
33459,0
13378,1
17407,1
8581,0
16518,-1
22141,0
9672,0
33584,0
36499,0
37684,0
23264,0
39221,0
33919,0
4489,0
5088,0
14243,0
10705,0
33158,1
16816,1
32782,1
2017,0
25009,-1
11761,1
27974,1
4520,1
19381,-1
43385,0
8531,1
38300,0
5381,0
32883,0
25427,0
44067,0
6903,1
16704,0
30125,0
1731,1
32787,0
27312,0
6614,1
25549,0
17014,1
43021,0
25926,1
36873,0
37614,0
16519,-1
18709,1
26513,0
36022,0
19187,0
14783,1
13153,1
16470,0
30510,1
43818,0
34698,0
40027,0
30150,1
41759,0
9587,1
10334,0
43136,0
6484,0
16350,0
142,1
43636,0
36080,0
6066,1
5931,1
18469,1
8733,0
32909,0
28074,0
14330,1
38770,1
25987,1
33372,0
16213,1
33025,0
10241,0
34845,1
27787,0
26153,1
38411,0
14619,0
39862,0
43888,0
27193,0
11688,1
6012,1
8565,0
18442,1
34454,0
5571,0
39765,0
37050,0
14085,1
9456,0
4012,0
7893,1
4767,0
43505,1
36341,-1
37086,1
32406,0
1547,1
31657,0
22704,1
9991,1
18992,-1
5774,-1
25972,0
39932,0
29146,0
30377,0
3925,0
36052,0
26464,1
13486,0
38074,-1
23138,0
36048,0
33282,0
38630,1
37672,0
6925,0
13941,1
2340,1
22737,-1
26442,0
14070,0
29966,0
20652,0
10783,1
12602,0
22741,0
25388,0
34155,0
40606,1
8359,0
19012,1
33272,0
43442,0
18660,0
25764,1
13778,1
4717,0
29203,0
30170,-1
33963,0
42887,0
32235,0
11626,1
9620,1
27758,0
31451,0
29240,-1
15528,-1
31500,0
32358,0
13399,1
15378,1
31209,0
30147,0
8070,1
23613,-1
43026,0
39794,0
2361,-1
20423,1
41178,0
15254,1
24140,1
458,0
44571,0
22665,0
30094,-1
16383,-1
31504,0
35512,0
8189,0
31167,0
32740,1
2475,1
17058,1
30629,1
10733,0
19209,0
5529,0
8266,1
14912,0
38280,0
18927,1
35457,0
4603,-1
38865,0
18872,0
6218,1
31185,0
4881,0
18568,0
5829,1
28694,1
1752,1
38836,0
13650,0
16675,1
1962,1
26121,0
39959,-1
33872,0
4632,0
38076,0
43431,0
16815,1
43424,0
11972,0
14244,0
5168,-1
21732,0
8400,0
15051,1
17814,0
42513,0
17254,-1
17177,1
32669,0
25503,1
26203,0
14319,1
16995,1
4530,0
33503,0
42255,1
2239,1
39940,0
5278,0
12166,0
44442,0
11756,0
30262,1
32100,0
13019,1
10531,-1
36322,0
641,1
43165,0
37640,0
38157,0
14132,0
28993,1
22077,0
27228,1
5322,1
2748,1
27521,0
35855,0
7571,0
26793,1
28994,1
18108,0
31689,1
5803,0
44574,0
507,1
36775,0
9405,-1
32304,0
25843,0
37470,0
16464,-1
33006,0
4807,1
36958,0
43964,1
43019,0
9797,1
38493,0
17894,0
40858,0
17188,0
6277,1
9778,1
36061,0
14079,1
33450,0
26739,1
2682,0
16755,0
13448,0
31335,1
16656,1
25527,0
12349,0
16243,0
33232,0
19077,1
4488,0
12077,0
2005,1
7073,1
29,1
30156,0
31152,0
25352,0
3959,0
41662,0
37419,0
1826,1
37018,0
10339,0
38666,0
18756,0
1515,0
30079,1
37184,0
20037,1
29392,-1
24121,1
25710,0
10404,0
32185,0
2549,1
26413,0
25601,1
28955,-1
21802,-1
27212,1
17120,-1
26312,-1
12824,1
41219,0
11991,0
5772,0
32194,1
37619,0
41764,0
2112,1
24225,0
24256,1
10769,1
18896,1
34445,0
30023,0
35968,0
38551,0
43740,0
2394,1
35677,0
37538,0
40541,1
44592,0
27802,0
14060,0
193,0
9345,1
42845,0
16685,1
14837,0
27047,1
18964,1
19003,0
38568,0
10307,-1
99,0
37843,0
25545,1
6845,1
13,1
66,0
30743,0
36652,0
31192,0
27144,1
28802,1
30101,1
44595,0
39917,1
44625,0
37217,0
1495,0
42964,0
2754,0
10107,0
22958,0
26340,1
1458,1
31142,0
26596,1
31382,0
22743,1
24611,0
25566,1
32346,0
38096,0
30637,1
36123,1
13694,1
34035,0
8269,-1
27305,1
25079,1
38615,-1
1542,0
15821,-1
30196,1
8992,0
7114,0
13666,1
13617,0
41527,-1
26750,1
13412,1
13289,1
27179,1
30998,0
32016,0
21085,0
29299,0
8037,1
17602,-1
43689,0
23915,0
40398,0
27207,1
4555,1
37447,-1
580,0
6281,1
29535,0
13462,1
32931,0
25648,0
26610,0
9805,0
26386,0
37642,0
2684,0
33156,0
33929,0
309,1
18024,0
25895,1
13189,1
42518,-1
27377,1
16861,1
31559,1
12741,1
4600,1
27693,1
11775,1
25537,1
35492,1
19024,0
34156,0
35966,0
11608,1
21945,0
44482,0
12573,1
18156,0
13085,1
8386,1
29666,0
41982,0
42698,-1
4633,0
17554,0
39044,-1
1519,1
28061,0
13237,1
23283,1
32133,-1
32930,0
26329,1
9230,0
12057,1
32168,0
6166,1
21789,-1
29999,-1
21382,1
32182,0
34499,0
38793,1
42578,0
4018,1
13422,1
12918,1
13547,-1
20736,0
9461,0
5622,1
2424,0
35470,0
20522,0
38503,0
17068,1
12890,0
26342,1
29468,0
43645,0
9262,0
10299,0
26971,0
15193,1
10399,0
38734,0
19002,0
38668,0
5598,1
24063,1
36648,1
44028,-1
35623,0
4890,0
10636,-1
35534,0
26323,1
30991,0
27992,1
24559,1
14772,1
3843,-1
44477,0
30437,1
31762,0
3492,0
13798,1
25187,0
42408,0
26828,1
14688,1
23732,-1
41439,1
27495,0
44082,1
4544,0
44420,0
27242,1
30797,0
37075,0
27914,0
25343,-1
21709,-1
40739,0
42288,0
7014,1
25905,0
9368,1
18255,0
33912,0
31190,0
19037,1
10310,-1
38165,1
34230,0
37266,0
30512,0
11925,0
13428,1
7031,1
43138,0
13787,1
36409,0
2075,0
18714,0
34555,0
25415,0
4923,1
39828,0
8456,0
12735,1
37529,0
30098,0
9908,1
24843,-1
2651,0
17279,1
31161,1
38087,1
15411,0
42023,0
9215,-1
687,1
38009,0
36153,1
3770,1
19573,1
23754,1
12799,1
31493,0
8979,0
8102,1
27295,1
8695,0
35543,0
27008,1
27080,1
40950,0
43601,1
18401,1
6226,1
27999,1
10420,-1
10805,1
8928,0
38049,0
14948,0
16691,1
43787,0
9252,1
19350,0
25170,0
29088,1
44318,0
7986,1
13269,-1
4268,1
13979,0
36596,0
42776,0
29628,0
36508,0
2700,-1
16575,0
31786,0
23074,0
2451,-1
42547,-1
32296,0
36345,1
26309,0
4539,1
38619,0
12933,0
22135,0
34264,-1
34014,0
19079,0
37671,0
11,1
30394,0
25700,0
32625,0
30009,0
16895,1
32086,0
13982,0
27324,1
42582,0
26149,0
36608,0
444,1
30597,0
4945,0
44642,0
10048,1
29464,1
42355,0
3793,0
34063,0
21874,0
30291,-1
14306,-1
27684,1
8986,0
29120,0
34345,1
4771,1
44675,0
38725,0
763,1
26765,1
9809,0
14044,0
29266,1
37056,0
14582,0
27253,1
31189,-1
29100,1
14373,1
35166,0
28155,0
15175,1
40918,0
24676,0
31360,0
42628,0
25689,1
44411,0
37494,0
27273,1
39875,0
43776,0
29234,1
1837,1
21665,-1
30322,-1
27812,1
12322,1
11568,1
24673,0
9271,0
4078,1
35151,0
20376,1
36371,0
563,1
36278,0
20360,0
28136,0
8907,1
29750,1
14568,1
10642,1
9806,0
36191,0
17012,1
33512,0
14083,0
17978,1
44679,-1
36449,0
4265,1
6867,0
18733,0
20057,0
12641,1
5613,0
41588,0
20641,1
42182,0
19248,1
41414,0
37888,0
31574,0
24844,-1
27496,0
40171,0
41083,1
30233,-1
37422,0
37049,0
1590,0
35509,0
41830,-1
9300,1
42877,0
3022,0
9077,0
37430,1
24894,0
18823,1
26683,0
40624,-1
37492,0
30680,0
31244,0
20564,1
9561,0
13687,1
26308,0
25864,1
29633,1
43215,0
1620,1
20290,0
40153,-1
43282,0
21969,0
24749,-1
4367,0
30957,0
38592,0
42282,0
32163,0
18435,1
4447,-1
30847,1
405,1
28909,0
33398,0
29529,1
26855,-1
40087,0
9812,0
18736,0
29982,-1
4446,-1
31804,0
13144,1
32257,0
4090,1
18820,0
31537,0
10979,1
17840,1
6950,0
16731,1
10380,1
43195,0
19970,1
25812,0
8669,0
26789,0
34274,0
17612,1
12137,0
30280,0
7095,0
21768,0
33352,0
14327,1
2621,0
8529,0
27968,1
30001,0
13522,0
16141,1
2228,0
816,0
29508,1
43092,0
18791,1
18970,1
18539,1
19055,1
4223,0
41904,0
13654,0
4859,-1
27458,1
36121,0
29186,0
30652,1
12121,0
18979,1
36020,0
42852,0
29113,0
16694,1
27094,0
32049,0
19648,0
29589,-1
8946,0
48,1
23266,0
4437,1
27194,1
25546,1
8905,0
10766,0
30088,1
38497,1
10377,1
25396,1
28621,0
2217,1
30061,1
44038,-1
32898,1
16640,0
33712,0
23099,1
30980,0
14212,0
11393,0
27256,0
15542,1
40064,0
21703,1
41756,0
38315,0
10403,0
23907,1
7443,0
11945,0
6890,0
1555,0
10816,0
42539,-1
29476,1
40612,-1
36710,-1
42239,0
8973,0
20082,-1
37759,0
12787,0
13683,1
43521,1
19560,0
10670,1
41616,0
26620,1
37133,1
26743,1
41205,0
21921,0
37739,0
2070,0
25445,0
24658,0
29253,0
32319,0
32627,0
14096,1
35887,0
13531,0
31162,0
5629,0
39937,-1
28475,0
24052,0
11609,-1
25493,0
19363,1
9800,1
43204,0
35606,0
43855,0
42552,0
39808,0
14470,0
4164,1
8875,0
4207,1
2796,0
30348,0
42563,0
29385,0
33574,0
32483,0
21666,0
41601,0
17043,1
18751,-1
502,0
18457,0
34390,0
40119,0
38060,0
31298,-1
19150,0
5392,0
23413,0
27190,0
30610,1
38402,0
17379,1
35959,0
37098,0
14474,0
38182,0
29297,1
5952,1
28484,1
1930,1
29285,1
43049,0
27900,1
6289,0
31701,0
37495,-1
9064,0
1840,-1
40533,0
13331,0
17246,0
16625,0
13678,0
13427,0
32513,0
25375,0
30785,1
43536,0
31580,0
9336,0
6461,0
41305,0
13696,-1
22119,-1
34293,0
34597,0
25614,1
19746,0
2712,1
21804,0
28219,1
27024,0
6207,1
38207,0
33728,0
37510,0
2807,0
33456,0
37268,0
5228,0
27750,1
7940,1
40152,0
39625,0
391,1
8319,0
25834,0
28439,1
555,1
26194,1
31160,0
30730,0
9630,0
1473,1
27196,1
12177,1
1943,0
24621,-1
4529,0
33188,-1
40209,0
4527,0
14860,1
28158,1
31794,0
13031,0
42482,0
37587,0
36083,0
30679,1
29923,-1
11961,-1
26603,1
12530,-1
21018,0
18764,0
6323,0
32340,0
43720,0
31535,1
23537,1
27708,1
13352,0
36759,0
3410,-1
17987,-1
33185,0
25414,1
37408,0
9832,0
27412,1
30167,0
3124,0
8878,1
22836,0
8507,0
32252,0
27855,1
30058,1
32941,0
37201,-1
42040,0
4382,1
12435,1
27982,-1
14809,1
25191,1
3072,-1
5106,0
11801,0
5896,0
32027,0
2049,1
25237,0
36613,0
26253,1
31030,1
40303,0
2632,0
37410,0
32819,0
4754,-1
37121,0
39249,0
31479,0
18954,0
6863,-1
43260,0
5318,1
2380,1
19021,0
25461,1
29128,0
37394,0
17944,0
20016,1
32152,0
37120,0
9136,0
1809,0
24943,0
6779,1
43024,0
5811,1
13915,1
24762,1
17040,1
18968,1
2509,1
29496,1
36267,0
9205,0
15485,1
21698,0
16734,0
2697,-1
17206,1
43793,0
19726,0
5658,0
42308,0
17039,1
4426,1
33630,0
8290,0
29432,1
9579,0
30293,-1
29582,0
25221,0
42545,1
9051,0
19194,1
43099,0
24401,1
26507,0
4512,0
19157,-1
12178,1
33774,0
13967,1
25214,0
8452,0
30707,0
19155,0
13210,0
19058,0
8345,1
8044,0
518,1
28198,1
21624,1
17136,0
4416,0
12973,1
14820,1
4828,0
20049,1
13242,1
41618,0
8954,1
23901,0
13780,1
228,1
27994,1
34334,0
13574,1
32291,0
11654,0
7493,1
31128,1
26419,0
1939,1
34517,0
18986,0
5937,1
14168,1
25008,0
7101,1
16638,1
11926,0
35610,0
5486,0
39970,0
10656,0
1687,1
34660,0
12146,0
35881,0
18289,-1
37352,0
14834,1
22058,1
32449,0
2153,0
2635,-1
37161,0
29137,0
13332,0
31522,-1
5645,0
27335,1
43566,0
8579,0
26594,0
29211,0
4073,0
43357,0
7508,1
33843,0
14646,0
20243,1
771,0
14518,0
26281,1
30,1
13820,0
23064,1
23161,1
8317,0
32206,0
21254,0
13497,0
32175,-1
16926,1
27198,0
17681,1
34403,0
28412,1
15227,0
34519,0
5889,0
8209,0
25697,1
41017,0
6883,1
39876,0
4036,1
13418,1
34525,0
19040,0
16939,1
6391,1
2401,0
7142,0
36905,0
27775,1
31777,-1
3811,1
26156,1
8289,0
39817,0
6772,0
18480,1
21984,1
26310,1
20467,0
20699,0
4934,1
17275,0
6982,0
9918,1
42313,0
29002,0
25854,0
8085,1
7974,1
4002,1
6259,1
5307,-1
17599,-1
8118,0
40047,0
7339,1
30052,0
16875,1
31591,1
14279,1
5517,0
12876,0
25770,1
39647,0
10566,0
6348,1
24093,0
39480,1
8961,0
27050,1
43323,0
6361,-1
4429,1
43876,0
8158,1
36103,0
7149,1
27462,1
41877,0
12444,0
8831,1
20185,1
29591,1
29255,-1
12517,0
16962,-1
24760,1
27173,0
10054,0
32078,0
12713,0
42512,0
24306,1
6018,1
25640,0
26588,0
8494,0
21986,0
34542,0
5275,0
24791,0
17022,0
18083,1
35475,0
43701,0
42708,-1
6141,1
43468,0
34178,0
18885,1
13403,1
8043,1
9366,0
18893,0
18114,0
8758,1
9592,0
2956,1
29403,0
25181,1
37348,1
38978,1
2905,1
43001,-1
27678,0
2699,-1
38751,0
15466,1
33616,0
12985,0
31526,0
25460,-1
35185,0
14523,0
5686,0
41236,0
26357,0
12784,0
39894,0
21819,1
14033,0
33981,0
33001,0
40368,0
1648,1
23400,0
9793,0
14442,1
30966,0
32892,0
2119,0
13102,0
28821,0
13513,1
38507,0
12068,1
40088,0
5434,0
17117,1
31424,0
34386,-1
43954,1
43426,0
4324,1
28837,1
25146,1
22093,0
10510,1
29283,-1
37715,1
36008,0
6112,1
25192,0
10292,1
25361,1
43828,0
16655,1
12910,1
20344,-1
25589,1
40124,0
26519,1
16500,0
37622,1
13846,1
31119,0
16907,0
10374,1
30990,0
33860,0
40663,0
18845,1
31477,-1
18402,0
37216,1
35628,0
20427,0
4297,-1
25978,0
36650,0
36500,0
29402,0
14387,1
41443,-1
30243,1
4469,1
38116,0
36407,0
5926,1
29068,1
11438,1
18920,1
38084,0
4139,0
13744,1
35868,0
18942,1
14587,0
7965,1
14017,0
26524,1
41331,0
27135,1
42672,-1
41690,0
25654,1
5058,-1
5746,-1
41164,0
44598,0
30217,-1
37068,0
6931,1
41253,0
8769,1
9956,1
39061,0
12948,0
12826,1
44661,0
19180,1
4919,-1
3551,0
31937,0
37785,0
32097,0
26177,1
9380,0
34316,0
25182,0
280,1
25216,0
30551,0
38209,0
42524,-1
24103,0
10612,0
5789,0
17126,-1
26917,0
4187,1
35504,0
39969,0
36155,0
8952,1
9246,1
24948,-1
29104,1
34439,0
29681,1
5813,0
13225,0
25511,1
30484,0
43695,0
18633,1
32882,1
37409,0
6489,0
20039,0
21648,0
42327,0
5595,1
27434,1
14097,0
35566,0
25716,1
1616,0
39531,0
28055,1
43977,0
18738,-1
9861,0
17380,0
20312,0
2346,1
39739,0
27055,0
25384,0
14104,1
200,-1
31712,-1
4829,0
12793,0
41700,0
35209,0
26516,1
31563,0
10450,0
20350,0
41452,0
9437,1
43177,0
16779,1
17114,1
8221,0
5957,-1
35591,0
32263,0
39885,0
26717,0
25612,1
20691,1
35657,0
35178,0
2523,1
24573,0
5723,1
12822,1
41282,0
14202,0
27709,1
14001,0
23807,1
34831,0
26771,1
2262,-1
9055,0
21653,0
40065,0
6118,1
9578,-1
31799,0
4252,-1
6025,0
24112,1
4995,1
4221,0
11606,0
42285,0
25178,0
31876,1
38366,0
9153,1
8826,1
27681,0
13060,1
32144,1
37265,0
6646,-1
25163,1
1637,0
39627,0
31345,0
43816,0
17477,0
22118,0
43418,0
2224,0
12387,0
22053,0
2085,1
17754,1
9489,0
476,1
26131,1
10610,-1
20373,-1
26172,1
30982,0
1460,1
43310,0
4581,0
14690,1
8601,0
21111,0
31052,0
10256,1
787,-1
9818,1
12436,-1
23928,1
17439,-1
43471,0
3226,0
25477,1
21315,0
8297,0
42836,0
43397,0
364,1
9804,0
34487,0
36939,0
654,1
18773,0
13272,0
17089,0
30456,-1
9534,0
38223,1
36896,0
37577,0
133,1
26147,1
24234,1
5868,0
32818,0
10014,1
30727,1
13571,0
8965,0
15302,1
7979,1
24932,1
7205,0
33591,0
33128,0
26264,1
5924,1
8553,-1
41388,0
43585,0
10183,1
37118,0
29822,1
14479,1
29627,0
24086,0
4330,1
7012,1
42317,0
26154,1
40819,0
2080,0
41011,0
8903,0
18125,1
28873,1
5982,1
2661,1
4948,-1
16775,1
10135,0
20189,1
12053,1
719,1
41934,0
16318,0
26335,1
20186,1
5976,1
23528,0
25930,1
36572,0
41383,0
36540,0
25660,1
8048,0
44336,0
25502,1
31891,0
6087,1
30817,1
10818,1
41067,0
16403,0
24305,0
37219,0
13509,0
20512,-1
9749,0
33346,0
31306,0
13097,1
43510,0
1929,1
28850,1
29882,1
39444,0
27268,1
11285,0
43432,0
26562,0
1743,-1
39922,0
34524,0
16565,0
38788,0
17672,1
19053,1
25794,1
39989,0
39704,1
41328,0
32515,0
16344,1
25082,0
36505,0
4710,0
13162,0
25667,1
1523,0
656,1
799,1
30756,1
41656,0
25574,0
29820,1
8122,1
14364,-1
4276,1
24177,0
30698,1
23872,1
9043,0
5394,0
39027,0
33410,-1
31730,0
26207,0
14881,0
4105,1
5252,-1
43614,0
27424,0
40882,0
37097,1
9316,0
12287,1
22112,0
27153,0
2991,1
23979,0
27649,1
35752,0
13890,1
21980,1
9056,0
37014,0
29689,1
8856,0
33698,0
14265,1
9608,0
2332,1
32345,-1
10655,1
14131,0
7999,1
44478,0
29608,0
40089,0
10123,0
22964,0
44323,0
32641,0
38135,0
20842,1
26748,0
25986,1
9601,0
8908,0
37998,0
13708,1
31023,-1
15161,-1
25702,1
25678,1
40937,0
35944,0
29130,0
8462,0
29307,1
5211,0
26250,1
25932,1
5630,0
2437,1
41063,0
31414,1
41007,0
26744,0
35071,0
3084,0
38601,0
14171,1
4775,0
40678,0
40056,1
2450,0
39857,0
10776,1
43833,1
31253,-1
5669,0
29473,1
25587,0
9845,0
42520,0
6109,1
24104,0
40631,0
31991,-1
14405,-1
36745,0
2343,1
43861,0
6265,1
1585,-1
18918,1
739,1
25382,0
9987,0
36010,0
7967,0
13957,-1
42331,0
34305,0
4312,0
44059,1
30630,1
42346,-1
44254,0
4387,-1
40963,0
19359,0
6247,1
30951,0
30860,0
33464,0
26974,0
1875,1
39053,0
36889,0
30787,1
34481,0
11701,0
2505,1
32547,0
1477,1
29662,-1
19315,1
1740,1
32533,0
42360,0
44476,0
14732,-1
30380,1
37234,0
4694,0
19933,0
20747,0
14252,0
26504,1
16648,1
12785,0
43666,0
30971,0
38572,0
16684,-1
26587,1
21774,0
42686,0
16736,0
43702,-1
23246,0
1879,0
34144,0
637,1
39763,0
42559,0
14686,1
18822,1
33973,0
30832,0
13288,1
30081,-1
4129,1
30207,0
2497,0
3135,0
5827,1
17144,0
16433,1
604,1
13398,1
19961,0
6184,1
4414,1
8476,0
10070,0
10099,1
7127,0
40482,0
20260,0
39831,0
12766,1
26804,0
29845,-1
166,1
20169,1
26887,1
6275,1
5303,1
38320,0
17667,0
14871,1
40913,0
8994,0
18914,-1
24113,1
17725,1
16818,1
21644,0
41108,1
15289,0
40212,0
9913,1
37766,0
8627,0
1893,1
25570,1
44031,0
19272,-1
34049,0
28593,0
29467,-1
33247,-1
31800,0
33920,-1
34401,0
8217,0
37194,-1
1726,1
32549,0
43867,0
7005,0
8561,0
33775,0
4811,1
14822,1
398,1
36868,0
42647,1
25616,0
23695,1
29805,0
643,1
5715,1
24062,1
35572,0
34066,0
14314,1
6679,-1
30121,0
25429,1
33184,0
5238,-1
23890,0
6004,0
14816,1
29451,1
4407,0
35087,0
27422,0
30496,0
40994,0
39522,0
9638,0
8522,0
38040,1
42830,0
36190,1
21686,0
40103,0
1838,1
42870,0
6352,0
37002,0
6399,1
27225,1
6120,1
2086,1
6075,1
8660,0
32054,0
2733,0
3992,1
11987,1
29831,1
9924,0
4338,1
10261,1
835,1
22630,1
12742,0
27323,-1
25880,1
30638,0
19051,1
37530,1
30228,0
34193,0
11832,0
17822,1
12132,1
36946,0
30095,-1
23020,-1
21151,0
21846,1
32215,0
1484,1
25753,1
13040,0
19043,0
5661,0
3152,-1
6365,1
43280,0
25896,1
7158,0
8005,0
17628,0
30367,0
5362,1
21736,1
6875,1
11602,1
9842,-1
43524,-1
6036,1
4209,1
34562,0
7995,0
25350,1
9243,0
27162,1
26597,1
25089,0
17229,1
15240,0
13991,1
36836,0
23090,0
8103,1
39967,0
9031,0
26395,1
37979,0
25118,0
28872,-1
26157,1
29358,0
35600,0
43847,0
21991,1
3958,1
37260,0
27187,1
4994,1
2923,0
38672,0
39982,0
20577,1
18084,1
43094,0
14468,0
176,1
6369,1
13075,1
13365,0
13033,0
24035,1
16418,0
12171,1
17469,0
37025,0
163,1
21659,0
17850,1
525,0
41835,0
21780,1
4611,0
31199,0
24941,1
8146,1
4843,0
4003,0
42719,0
36032,0
4365,0
17509,0
2524,0
42932,0
7953,0
37237,0
27051,0
33980,-1
37389,-1
42581,0
24426,1
12457,0
43801,0
5902,0
16608,-1
40980,0
14729,-1
40848,0
12934,0
37540,0
32335,0
19944,0
19668,1
21894,0
4524,0
10716,-1
26950,0
24963,0
13174,0
25011,0
32977,0
24180,0
20135,0
37442,-1
5050,0
29477,1
14367,0
8867,0
19089,-1
5864,0
2037,0
38291,0
24010,1
21672,0
25,1
14565,0
27019,1
40182,0
32014,0
140,1
31860,-1
9146,1
15050,0
9835,0
28255,1
536,1
20716,1
35935,0
330,1
821,0
29880,1
41046,0
31843,0
3188,0
33371,-1
16616,1
27200,1
7941,1
31205,0
31702,1
6378,1
9086,-1
9606,1
36942,0
25797,1
32610,1
34457,0
17142,0
14941,0
22740,1
40705,0
7872,-1
38778,0
25482,1
9375,0
15004,0
22715,-1
5639,0
26475,1
17474,0
24032,0
31751,0
14735,0
546,1
12332,0
10122,-1
29405,0
44717,0
43764,0
21531,-1
27358,1
18261,-1
5919,1
36037,0
14200,1
6913,0
783,-1
4837,0
25400,1
29172,0
24698,1
29105,-1
6857,0
32923,0
32026,0
18092,1
31323,0
37040,1
23684,1
17938,1
18800,-1
31268,0
333,1
31922,0
2010,-1
22876,1
5994,0
27756,0
38998,-1
27159,0
8682,0
7118,1
27951,0
12814,1
13141,1
26000,1
27356,1
24534,0
4121,-1
31507,0
2703,0
39001,0
30543,1
16520,0
8306,0
28064,1
14444,1
4703,0
29837,1
10466,0
9852,1
18200,0
19347,-1
10659,-1
32575,0
21712,0
10162,0
37829,0
43308,0
19202,0
1895,1
25857,1
14185,1
28129,0
41590,0
5838,1
31491,0
25681,0
36007,-1
37369,0
14945,0
14398,1
37994,0
1870,0
27430,1
4793,-1
30622,1
32867,1
20640,1
31899,-1
18899,0
44637,0
13228,0
34833,0
4505,0
35554,0
33999,-1
13268,0
24873,1
27724,1
8944,0
22090,1
13382,1
3148,0
34681,0
3375,1
36704,0
31844,0
28871,1
43236,0
3974,0
23824,-1
26680,1
33208,0
26929,1
29703,-1
29491,1
30841,1
38075,0
24507,1
25804,0
21662,0
14150,1
43142,0
19152,-1
12567,1
43084,0
10115,1
3491,-1
24048,1
18617,0
43730,0
8193,1
29574,-1
27444,1
33660,0
25951,1
43279,0
11915,0
42325,0
17918,0
550,1
6872,0
42203,-1
5141,0
18460,1
1471,1
13810,-1
38171,0
7558,0
38139,0
13587,0
4905,0
14249,1
26685,0
35647,0
23798,1
31882,0
16505,0
5026,0
38233,0
27117,0
10282,1
16925,1
40193,0
33086,0
37772,0
26497,1
41458,0
3997,0
24617,0
8690,0
21735,0
24131,0
21152,0
35588,0
24847,-1
35835,-1
13510,1
14155,1
329,0
14065,1
37373,0
12297,1
33175,0
31892,1
39002,-1
8732,1
14276,1
36439,0
14284,1
26549,1
14448,0
40986,0
13640,1
14383,0
44293,0
23004,1
438,1
41632,0
12957,1
42293,0
34677,0
20051,0
29004,-1
12064,0
16923,0
13703,1
44030,0
503,1
38186,0
21669,0
42879,0
26061,1
23957,1
31996,0
11958,1
29288,0
25358,-1
13015,0
39375,0
40853,0
40845,0
36358,0
20804,0
37274,0
5584,0
9158,0
39643,-1
9140,0
24277,0
31481,0
6384,1
34966,0
28921,0
23722,1
31738,0
30692,1
10040,1
43567,-1
24090,0
42843,0
5315,1
16484,0
32650,0
10020,0
4433,0
1924,1
13953,0
13579,0
5150,1
28086,1
9351,1
42027,1
9453,0
9707,0
33663,0
43255,0
4277,0
29719,1
413,1
34830,0
20113,0
25887,0
17604,0
33198,0
26911,1
36110,0
42294,0
21972,0
44385,0
35505,0
44247,0
18131,1
33238,0
4543,1
26292,0
30417,1
27301,0
37931,0
25516,1
21893,0
40671,0
72,0
26044,1
16689,1
34285,1
38099,0
34134,0
1845,1
37412,0
19015,-1
17224,1
16259,0
9647,1
5379,1
11971,1
33722,0
39728,-1
352,0
24411,0
25878,0
28851,1
42571,0
19318,0
17655,1
30186,1
39225,0
36655,0
14736,0
43326,0
34392,0
6396,0
19041,1
29588,-1
37198,-1
38163,0
21532,0
22727,0
30312,1
26325,1
6272,1
44291,0
43412,0
42981,0
10371,0
37788,0
29861,-1
18127,1
27894,1
21030,0
25530,1
14742,1
21600,0
24783,1
21875,0
41703,-1
13358,1
16200,1
16819,0
593,0
13231,1
43259,0
9595,0
37836,0
6164,0
11943,0
316,0
42525,0
13322,1
26252,1
33492,0
10787,1
7944,1
43469,0
25611,0
27336,1
22640,0
6221,1
29810,0
22148,0
12,1
12342,0
544,1
37505,-1
41670,1
13968,1
14248,0
37238,0
21928,0
20224,1
34309,0
16423,1
43163,0
41182,0
13553,1
23119,1
39022,0
13191,1
12439,0
4350,1
16454,0
11807,0
29896,-1
13082,1
6147,1
30646,-1
273,-1
8128,1
3382,0
28196,0
33143,0
39388,0
33407,0
16287,0
42296,0
33236,0
25639,1
5296,0
44139,0
26304,0
43272,0
4870,1
29396,-1
27119,1
14002,0
9220,1
9498,0
38966,0
34523,0
21628,1
4698,-1
474,1
25967,1
1901,0
6834,0
5815,1
1498,-1
30278,1
36372,0
33738,0
20510,0
39677,0
103,0
26424,1
42695,0
5805,1
13387,0
10415,0
37989,1
32095,0
33556,0
27189,1
38200,0
3004,1
37204,0
2876,0
18980,1
39003,0
25143,1
20969,0
8872,1
20264,1
11980,0
18912,-1
38219,0
40991,0
30357,-1
13542,0
4753,1
11791,1
25392,0
24342,0
29649,1
6957,1
31086,0
566,1
18136,1
40949,1
8040,1
13518,0
27293,1
40352,0
41347,0
35561,0
19566,0
42292,0
26725,1
32447,0
12232,0
18356,1
30352,0
12164,0
22105,0
38070,0
20353,0
43242,0
21108,0
22694,0
15433,-1
29398,0
27181,1
20395,1
16805,0
16420,1
19050,0
26514,0
26518,1
1643,1
9859,1
26754,0
18809,1
9943,1
26489,1
33077,0
5938,0
38296,1
24337,1
17021,-1
9255,0
25387,1
5319,1
20145,1
32894,0
27603,0
30501,1
29063,0
32585,1
27959,1
6767,-1
27985,1
40573,0
31640,-1
34404,0
8709,1
10507,1
14577,1
9532,0
9472,0
43437,-1
43241,0
21973,1
14098,0
13066,0
32735,0
38941,0
14094,1
25416,0
4333,0
38645,0
26313,0
31879,0
31034,0
21271,0
44023,0
13270,1
33447,0
31923,0
14511,-1
12909,0
14899,1
25470,1
31881,-1
12980,0
24764,-1
36910,0
25423,1
16456,-1
33413,0
30404,1
42434,0
39447,0
31466,0
29606,1
12658,1
28207,0
9883,1
14147,1
15293,0
37043,0
7070,0
42039,0
35592,0
24429,0
32836,0
34149,0
26183,1
42365,0
9978,1
28946,1
4534,1
8909,0
9277,1
31075,0
36235,0
12998,0
33403,0
19370,1
4480,0
19208,1
27138,1
387,1
29816,-1
31272,0
36114,0
26807,1
4938,0
9083,0
36871,0
5776,1
41009,0
10567,1
43514,0
20005,-1
33063,0
13608,1
26321,0
4032,1
44409,0
18701,1
42607,0
7182,0
41068,0
26180,1
33054,0
29646,-1
27411,0
4898,1
24124,1
90,0
40070,0
13372,1
14137,1
17910,0
15489,-1
5354,0
41027,0
30627,0
4449,1
22882,0
1969,0
57,1
4501,0
42356,0
12503,0
29257,0
2284,0
14550,1
17140,1
31494,0
35937,-1
37231,0
31141,0
31859,0
40764,0
26658,0
11843,0
24503,0
16493,1
13374,0
8998,0
25989,1
8136,1
41195,0
13580,0
14555,0
41667,0
37359,-1
12154,1
28867,0
10417,0
29997,0
29632,1
12978,1
36728,1
18846,0
29863,1
14504,1
17878,0
3583,-1
26450,1
29028,1
37800,0
26169,0
9891,0
43896,0
16536,1
41251,0
13094,0
44504,0
38678,0
43844,-1
2554,-1
24681,0
41032,0
183,0
31050,1
8420,0
42348,0
4069,0
28668,-1
17383,-1
20001,1
25773,1
10485,0
7969,1
37127,0
36892,0
29016,1
14767,1
37336,0
1935,1
1798,0
16194,1
40791,0
24465,1
14656,1
4322,0
31618,0
5229,0
23388,1
4537,1
10430,0
12302,0
27971,1
15419,1
32025,0
27601,0
38983,0
36532,-1
38673,0
4639,1
24282,0
37653,0
31242,0
40712,0
36039,-1
23853,1
37804,1
32910,1
13215,1
37570,0
33373,0
39768,0
39449,0
5897,1
26444,1
1571,1
8478,0
33938,0
394,1
36872,0
26388,1
27152,1
32843,0
30845,0
33305,0
34279,0
25705,0
15176,0
35605,0
4425,1
14176,0
6304,0
43922,0
1898,-1
20045,1
8974,0
31550,0
26075,0
38151,0
38511,0
28917,0
36668,0
4646,0
19186,1
26058,1
30338,-1
25846,0
20233,-1
31059,0
8314,0
5184,0
21923,0
20222,0
26276,0
35514,0
22686,1
34304,0
13656,0
16146,1
10768,1
40551,0
27163,0
27660,1
10558,1
6145,1
34411,0
42495,-1
9599,1
7994,-1
2680,0
18026,1
43646,0
42746,0
5464,0
18229,0
40123,0
36068,0
44313,0
19022,0
38582,0
28903,0
6318,1
25799,1
29278,0
25628,1
18749,1
14223,0
20183,1
37617,0
7566,1
37148,-1
4784,0
10554,1
708,1
4511,1
27272,1
25831,0
9640,0
31022,0
5154,0
27318,1
6865,1
7112,0
42592,0
41927,0
6899,0
5293,1
26499,1
33500,0
19788,1
33365,0
3514,0
29740,1
17219,1
9168,0
6435,0
13406,0
41270,0
753,1
44567,0
36115,0
37695,0
38252,0
27663,0
34397,0
5120,1
28894,1
42260,0
5456,1
39993,0
42835,0
34197,0
17803,-1
22960,1
37730,0
26733,0
12527,0
22408,1
20167,1
8321,0
20964,-1
44658,0
13748,1
43340,0
4736,1
42487,0
8813,0
42580,0
20429,0
34270,0
9695,0
25722,0
10219,1
42445,0
13187,1
29573,1
39586,0
7627,1
15181,0
37275,0
24585,-1
36606,0
8969,0
25787,1
33221,0
303,1
13788,1
24123,1
32279,0
31123,1
28911,1
25014,0
21755,0
13541,1
38290,0
18406,1
7006,0
27139,1
43568,0
28922,0
207,1
35122,1
37479,0
34380,0
21641,0
4513,1
16542,0
20256,0
1970,1
10667,0
13081,0
5085,0
31473,0
37246,1
2196,1
40138,0
44075,0
14146,-1
5739,0
9131,1
29639,1
42297,0
2855,0
32212,1
35615,1
44450,0
6314,1
35667,1
23442,0
27345,0
36118,0
14395,1
4523,0
8583,1
38525,0
40185,0
30965,0
43633,0
29418,0
25195,0
2063,1
1711,-1
37332,0
11297,0
22883,0
4205,1
14754,-1
31992,1
26540,1
27065,1
9062,0
17280,1
9502,0
32746,0
10598,1
1859,0
39883,0
25995,1
44615,0
1720,1
3905,0
19941,1
6011,1
24021,1
38736,0
36151,0
2041,1
12763,0
36528,0
21078,0
35632,-1
12695,0
6406,-1
30759,-1
26561,0
11564,0
35854,0
7071,0
36863,0
12650,0
26573,1
25901,0
36346,0
8772,-1
30007,-1
37307,0
19952,0
9423,1
4711,1
4384,0
13978,1
17162,1
29777,-1
10673,1
4762,1
43484,0
12604,0
24484,0
32273,0
26042,0
28672,1
10717,-1
770,1
15284,0
693,-1
26535,1
24795,0
4315,1
27175,1
36024,1
22094,-1
40254,0
26078,0
26404,0
5440,0
31571,0
25889,0
30414,0
34655,0
20524,-1
44447,0
14432,0
14399,1
646,1
30633,1
16444,0
33070,0
19300,0
29395,1
41954,0
20637,0
2867,1
12241,1
10249,0
39787,0
38675,0
23012,0
20275,0
13083,1
17179,1
16430,0
10077,0
36139,0
32020,0
16475,1
8845,0
43126,0
18765,1
25000,-1
30771,1
13100,1
43153,0
33984,0
5103,0
43547,0
37704,1
40863,0
13400,0
1536,1
15123,-1
4166,1
43842,0
43960,0
10109,1
38636,-1
9260,1
42727,0
35555,0
38199,0
32092,0
4724,0
37861,0
14617,1
44728,0
10555,1
2822,-1
41087,-1
38907,1
22042,-1
34212,0
16830,1
31150,1
27262,1
8970,0
24279,1
19743,-1
38513,0
27877,0
12514,1
19253,1
27908,1
43267,0
18129,1
31352,0
1663,1
31916,0
33546,0
14286,1
13197,1
37947,1
14042,1
37294,0
29985,0
31214,0
37771,0
41682,0
43230,0
815,1
16761,0
40826,0
19354,0
19975,1
43612,0
8548,-1
24719,0
32526,0
24018,1
8996,0
40142,0
27469,1
4836,0
6320,1
434,-1
27498,1
32681,-1
16974,0
11741,0
38468,0
4127,0
36514,0
37464,1
30355,0
12033,1
17993,1
32911,0
8470,0
25239,1
39046,0
3831,-1
4422,1
44171,0
1821,1
36016,1
16652,1
8417,0
4526,1
27482,0
38809,0
40270,1
31665,0
24987,1
39930,0
38680,0
4150,1
24771,1
12837,0
7811,1
18119,-1
23338,1
22916,0
14828,0
42394,0
23569,1
4079,0
43486,0
8329,0
32764,0
12971,0
16999,1
21197,0
16539,0
36993,0
37670,0
18363,0
2693,0
27219,1
24333,0
26821,1
2687,0
43335,0
10293,0
26449,1
4355,1
18134,0
5272,1
25936,1
31989,0
37475,0
2516,0
37331,0
36215,1
26797,0
26422,0
24085,1
17688,0
26837,1
39339,0
13257,0
1577,-1
9727,0
38010,0
32256,0
38535,0
32755,0
22116,0
24516,-1
11924,0
15279,0
24493,0
5736,0
1583,1
4492,0
4281,1
42321,-1
35077,0
43767,0
8026,-1
26825,1
31906,0
34323,0
20372,0
13514,1
24657,0
26903,1
8046,-1
8121,1
36000,0
37042,0
17099,1
35796,-1
16298,0
7035,0
38995,-1
44084,0
18941,0
6002,1
25473,0
8766,0
825,1
38128,0
7347,-1
14439,1
37818,-1
38174,0
29480,1
32563,0
13357,1
27229,0
3018,-1
10018,0
25954,0
21869,0
20083,0
16787,0
38522,0
37435,0
26038,0
29308,0
32572,0
27874,1
7034,0
25393,1
35120,0
33861,0
33755,0
12591,0
24740,0
29269,0
30520,0
30427,0
33279,0
29890,1
4514,1
18531,0
6393,1
43800,0
1537,1
4398,0
43289,0
42777,0
5253,0
3562,0
34384,0
8440,0
21642,0
9236,0
10084,0
33449,0
7471,1
13528,0
5343,-1
19377,1
14640,1
5465,0
33576,0
10748,1
37784,1
32884,1
44364,0
32056,0
4562,1
38762,0
20418,0
4566,-1
10395,0
12401,0
43256,0
38343,0
10579,1
35655,0
33608,0
29446,1
25631,0
1485,0
20892,0
25752,0
27818,1
18434,1
18883,1
37808,0
9286,0
37303,0
42598,-1
14052,0
29260,0
43491,0
7487,-1
6269,0
40393,0
12395,1
37714,0
21693,0
33904,-1
33377,0
12734,0
31406,0
39703,0
10513,1
28842,0
5824,0
25517,1
8900,-1
9491,0
42732,-1
42962,0
445,1
44297,0
9391,0
14569,0
6359,1
34306,0
11932,0
10540,0
22937,1
43991,0
25604,1
41524,0
6234,1
8139,-1
13772,0
26480,1
42404,0
12337,0
36998,0
40205,0
2518,0
3032,0
20531,0
13003,1
43826,0
3050,-1
4357,1
17461,0
43388,0
10174,0
28402,1
44426,0
41914,0
29140,1
30204,-1
8307,0
10806,1
15534,0
14505,1
34171,0
36348,0
4238,0
23429,-1
18245,1
9081,0
30887,0
14438,1
13661,1
18777,0
36583,0
16998,0
38690,0
36504,0
21895,0
14078,0
9180,0
18665,1
29157,1
10283,0
9232,1
38922,-1
40925,0
30821,0
14551,0
9629,0
18850,0
43352,0
8851,1
8816,0
8796,0
40495,0
7695,1
36091,0
26334,1
33598,0
34391,0
36019,0
44350,0
5999,0
27218,0
20073,0
9528,1
26341,0
32445,0
41558,0
31772,0
17202,0
33653,0
40896,0
43533,0
8256,0
13590,1
3590,1
3231,0
43148,0
24767,0
20758,1
29370,0
539,1
31756,0
31542,0
315,1
42872,0
7069,1
42737,0
13092,0
23782,0
28116,1
38297,1
3153,0
36621,0
4618,-1
5793,0
17086,1
19331,1
15515,-1
12106,-1
24892,0
6135,1
40028,0
2454,0
7990,0
6077,1
9848,1
19226,0
9392,1
29974,0
15474,1
43869,-1
28895,1
4155,1
297,1
27851,1
19321,1
5198,1
32067,0
13057,1
33951,0
14018,-1
41464,-1
20149,1
18068,0
13027,1
38020,0
33822,0
36053,1
36473,0
27726,1
17008,1
4081,1
25385,1
23791,0
34251,0
7072,0
32096,0
37301,-1
4066,1
20631,0
13706,-1
38105,0
37153,0
44089,0
37192,0
22107,0
35970,0
6240,1
37554,1
13634,0
21422,-1
41117,0
32066,1
19341,0
44602,0
19623,-1
39881,0
8275,1
38691,0
35553,-1
43320,0
13952,0
19955,0
33207,0
4584,0
9871,0
36176,0
26622,1
14069,1
37511,1
10580,1
31286,0
2389,1
32781,0
19176,1
12329,0
418,1
7048,0
44678,0
24648,1
12683,0
2626,0
18772,1
3102,0
6849,1
26713,1
9995,1
6073,1
27027,1
19076,1
23602,0
23737,1
38780,0
19644,-1
3618,0
17267,0
8031,1
35994,0
35682,-1
16162,1
41684,0
12308,0
9349,1
43874,0
44227,-1
20151,1
27653,1
24297,0
43315,0
39007,0
43466,0
13955,0
12313,1
18958,1
39033,0
25957,1
37119,0
44509,0
25680,1
26213,0
5802,1
30781,1
27922,1
37449,0
6814,0
2233,0
31429,-1
5634,1
16642,1
5884,1
3820,1
17166,1
13839,1
30130,0
13914,-1
20065,1
44417,0
32191,0
9000,0
25320,0
40083,0
35995,0
29571,-1
37941,0
8313,1
27445,0
15257,0
2172,0
18664,1
25431,0
21632,1
34838,0
18663,0
26618,1
3181,1
34124,0
8586,0
43996,1
9721,0
42314,0
19170,1
8955,0
26661,1
42279,0
14598,1
43988,0
22675,0
43733,0
6997,0
21204,0
232,1
10035,1
25818,1
5747,1
14643,1
39389,0
18842,0
36610,0
33719,0
43085,0
32665,0
8235,0
20141,0
26216,1
29523,1
25557,0
24287,-1
13540,1
32887,0
28049,0
32351,0
18250,0
27064,1
14006,0
6989,1
6251,0
29704,0
38228,0
30062,0
34246,0
44356,0
14964,-1
25480,1
11781,0
22988,1
29941,-1
43915,0
31083,0
17847,1
43885,0
11788,0
43985,0
34531,0
37634,0
32028,0
16598,1
38226,-1
44036,1
13037,1
41013,0
14842,1
4652,1
14697,1
37221,0
30830,0
9249,1
22649,0
20259,0
13665,1
26359,1
33997,0
2921,0
19231,1
17369,1
18091,1
32605,0
21073,-1
12032,1
12489,0
14281,1
21650,1
17756,1
8473,0
43761,1
12359,1
29850,1
42249,0
27732,1
13912,1
2772,0
10782,0
32218,0
10751,1
29584,1
25579,1
7598,1
23030,1
237,1
165,0
33127,0
12729,1
1814,1
33965,0
43396,0
41743,0
8893,-1
11752,0
1492,1
37961,0
16735,1
18702,1
10800,1
28899,0
43229,0
2193,0
41318,0
37473,1
14639,1
5062,1
12350,1
3169,0
18903,0
29252,-1
402,0
43760,1
36095,0
29774,1
5474,1
12153,1
27716,1
21047,0
5973,0
37729,0
21742,0
29694,1
13247,0
35745,-1
24882,0
33552,0
25998,1
38765,0
2156,0
32236,0
6047,1
37340,0
26978,0
19717,1
2787,0
25578,1
6893,0
25256,1
17009,1
36847,0
5943,1
18090,1
6784,-1
25719,0
2896,1
665,-1
8153,1
33670,0
3306,0
21760,1
26445,0
42067,0
3230,0
32073,0
2798,-1
14258,1
29856,-1
12858,0
24116,1
34151,0
43710,0
30794,1
7282,1
24024,1
8791,0
38695,0
20035,1
7538,-1
5152,-1
36105,-1
39833,0
1708,0
17011,1
11997,1
38129,0
25426,0
27767,-1
27120,1
32691,0
29348,0
19232,1
7588,1
27028,1
25288,0
40261,0
31579,0
24284,1
14084,0
17852,1
14931,-1
31741,0
14289,1
25762,1
44063,0
28189,1
13928,1
4831,1
24938,0
39747,1
39030,1
249,1
31450,0
42417,0
25112,0
16934,0
27879,1
8327,0
31850,0
32371,0
19277,0
30350,-1
31840,0
19621,0
27169,0
14786,0
30654,1
14170,1
6368,1
14037,0
4298,0
31541,0
35620,0
42658,-1
26330,1
31677,0
31889,0
2331,1
8134,1
10376,1
37559,0
29281,0
14608,1
20144,1
19342,0
2367,0
33893,0
36380,0
8330,1
37100,0
32240,0
8634,0
25060,0
16679,1
42407,0
13754,0
38798,0
14049,0
5344,0
43649,1
19348,-1
15464,-1
8865,0
4418,-1
39843,0
26544,0
5372,1
13607,0
34070,0
14464,1
21251,0
20951,-1
42631,-1
31616,0
25033,-1
2137,0
8366,0
43676,0
20323,0
2185,1
42446,-1
18001,-1
29512,1
36394,0
43757,0
27526,1
10100,-1
38821,0
1661,1
31193,0
5818,0
11525,0
8210,0
27727,0
32039,0
26879,1
30163,0
12104,1
36113,0
3227,0
2489,0
9827,1
15538,0
21,1
41122,1
38123,0
24040,0
21176,1
37491,0
16824,1
21621,-1
7074,0
31073,0
28623,0
37993,0
40071,0
40731,0
25508,1
36542,0
34929,0
38620,0
31608,0
42848,0
9557,0
22796,0
27481,1
19131,1
18207,-1
10539,1
20326,0
20698,0
30879,1
43959,0
9259,1
9506,0
22783,1
3773,-1
16606,0
42956,0
36860,0
21292,0
24682,0
14513,0
23773,0
13089,1
1611,1
25862,0
6094,1
34135,0
38064,1
5163,1
36166,-1
4922,0
30675,0
3573,0
38902,1
33787,0
25576,1
12705,0
19931,0
10457,0
25708,1
24998,0
10427,0
17143,0
43499,0
42917,-1
26468,1
34219,0
2088,0
5541,0
43248,0
43494,1
9036,1
22073,1
35890,0
34096,0
30164,-1
38977,-1
35518,0
12881,-1
31726,0
43057,0
13651,1
25726,0
2051,1
43717,0
11968,0
8795,-1
39738,0
27321,1
16891,0
23813,1
5133,0
18465,1
20076,1
447,1
20307,0
25618,0
10,1
22830,1
22032,-1
20970,0
36509,0
39945,0
4931,-1
10695,1
37306,0
42738,-1
29434,1
16760,-1
13671,1
8774,0
26861,1
27002,1
18668,0
16927,1
23607,0
27511,1
25386,1
40894,0
13889,0
18667,0
25852,-1
27271,1
7062,0
27108,1
27790,1
14480,0
757,1
26998,0
19198,-1
19406,1
9560,0
43659,0
26914,0
40263,0
7050,1
30346,0
30541,1
8964,1
44412,0
43512,0
24614,0
19727,0
11673,0
12710,0
30039,0
32394,0
43452,0
12977,1
44528,0
18855,1
42253,1
20024,1
36089,0
10709,0
29349,0
35108,0
13735,0
12944,1
26695,1
4421,0
13704,1
30129,0
36065,0
42400,0
14224,1
13662,1
41755,0
9227,0
9318,1
8059,0
13051,0
25782,1
25982,1
35681,0
43333,0
6003,1
13131,1
30871,1
41976,0
25209,-1
25885,0
35106,0
40955,0
390,1
41651,0
12961,0
28586,0
37501,0
2402,1
6420,1
12690,0
40860,0
28132,1
16841,0
30277,0
40978,0
26862,0
7637,1
12908,0
39866,0
40768,0
17624,1
727,0
5567,0
18479,1
12405,1
80,1
7033,0
10810,0
17038,1
42530,-1
30525,0
33930,0
14064,0
25881,0
22898,0
19408,0
37477,1
16328,1
36227,0
20745,0
14603,1
127,1
38669,0
21781,1
44703,0
25572,1
25568,0
32616,0
27690,0
765,1
40166,0
23456,1
43868,0
37453,0
10508,-1
32380,0
13576,1
38508,0
32876,0
27665,1
1470,0
23538,1
13584,1
10541,1
36006,0
6451,0
18172,-1
29667,-1
13602,0
4758,0
161,1
25522,1
3528,1
7389,1
8760,0
41622,0
14757,1
28859,1
38288,0
17614,-1
40063,0
10811,0
8993,1
12585,1
26835,0
39223,0
4195,0
13559,1
27283,1
5704,0
38920,0
18650,0
40552,0
27022,1
16870,1
34343,0
13217,1
20247,0
16850,0
8033,0
19989,1
3158,-1
8735,1
10421,0
38154,0
25816,0
39926,0
18771,0
18533,1
26662,0
34550,0
40042,0
25402,0
215,1
39653,0
43812,1
40951,0
479,1
27235,1
10780,1
26581,1
10416,0
4263,1
6796,-1
31465,-1
14080,0
31143,0
16455,0
4451,0
11685,-1
29372,1
21738,0
2329,1
23172,1
5751,0
8654,0
32562,0
38007,0
39975,-1
14180,1
43830,-1
33251,0
1727,1
36886,0
29258,1
1591,0
12340,1
44357,0
39748,0
30602,1
10629,0
36051,0
26219,0
41631,0
25332,-1
16919,0
25713,1
19082,0
32377,0
14853,0
8318,-1
5397,0
17832,1
16918,1
9378,0
38214,0
13106,1
13473,-1
23689,0
25345,1
31709,0
33996,0
42568,1
36883,0
1514,1
14417,1
17084,1
24316,0
30104,0
16351,1
37233,0
7298,1
36999,0
9615,1
8937,0
17969,-1
39912,0
33711,0
13084,0
32503,0
18708,1
20797,0
33285,0
38879,0
7077,0
26646,1
19306,0
35131,0
17371,0
13159,1
25658,1
26021,0
21771,0
8338,0
18725,-1
30286,0
12243,0
21813,0
21783,0
29894,0
13516,1
8798,1
7304,1
36903,0
33631,0
37349,1
38840,0
34160,0
33985,0
19548,0
5359,1
20120,1
41564,0
4212,0
9904,0
37490,0
21770,0
13684,0
29877,1
32598,0
32626,0
30809,0
39308,0
8622,0
6408,0
27785,1
16340,-1
23839,1
11830,0
43852,0
24893,1
42295,0
33853,0
5606,-1
36362,0
9648,0
6797,-1
38842,0
34301,0
12828,1
5246,1
5508,1
32167,-1
10552,-1
19956,1
36870,0
18634,0
2131,-1
39540,0
17264,1
30544,0
12613,1
36379,0
10411,0
34122,0
18360,1
15426,0
36984,0
36170,0
12273,0
10475,0
28819,0
9383,-1
5135,0
26889,1
5257,-1
41313,0
31853,0
13918,-1
3223,1
5787,0
13275,0
42574,-1
6379,1
22684,1
24702,0
1553,1
5990,0
4726,0
19985,0
26006,1
24469,1
26137,0
12986,1
5644,0
8681,1
30311,0
37535,0
36404,0
33329,0
5653,0
19412,1
44422,0
30124,-1
3610,0
27485,1
28052,0
19929,1
16968,0
15269,-1
10801,1
39497,0
30506,-1
6105,-1
37534,0
18925,1
623,1
30429,-1
15316,1
31613,1
271,1
43477,0
28105,1
29178,0
29869,1
40214,0
1706,1
28113,1
37669,0
4236,1
40772,0
26593,1
8344,1
28804,1
31385,0
17468,-1
32370,0
10701,1
20003,1
29359,-1
16674,1
39058,0
31519,1
25839,0
5576,0
42878,0
8707,0
40961,1
43253,1
26977,1
34120,0
28346,1
28562,1
16562,0
41634,0
43300,0
4477,1
13555,0
21639,1
30258,-1
36128,0
38242,0
613,0
23623,0
2350,1
4200,1
41123,0
29952,1
32871,0
8219,1
15207,1
6065,1
27247,1
25691,1
26787,1
12863,0
43528,0
25467,1
27085,0
20585,1
41849,0
38533,0
33899,0
42418,0
29988,1
7022,1
20026,1
24889,-1
41143,0
8564,0
39803,0
16389,0
11583,-1
5452,0
13483,0
6042,1
20168,1
4616,0
42690,0
5953,1
25311,1
2184,0
658,0
20520,0
37345,1
32061,1
40390,0
4705,0
32745,0
23797,1
2995,0
24186,1
25513,1
26537,1
11982,0
456,1
7163,0
21987,0
17203,1
13700,0
31447,-1
30936,0
29616,1
16438,1
25925,1
33076,0
16279,0
38733,0
95,1
24370,0
42875,0
4128,0
31125,0
32596,0
6373,1
323,1
39818,0
9997,0
8667,1
40967,0
27741,-1
32512,0
29779,1
27682,1
22129,0
22744,1
31010,0
43882,0
25474,0
31410,0
32732,0
10504,-1
4095,0
34095,0
40022,0
33003,0
14530,1
13329,1
2412,1
15022,0
40336,0
227,1
12034,1
12200,0
29390,-1
24487,1
31009,0
8925,0
41905,0
24425,1
32795,0
19430,1
16773,1
22888,-1
8150,1
10490,1
37626,0
39676,0
12992,0
34418,0
13009,1
26777,0
37508,1
33376,0
9438,-1
4248,1
37012,0
32062,0
18312,0
4262,1
32179,1
2374,0
43579,0
42386,0
36948,0
42995,0
6125,1
24773,0
11838,1
16766,1
6082,1
18585,1
28233,-1
41221,0
22045,1
15052,0
43455,0
10771,1
14832,1
10474,0
9765,0
41277,0
32068,1
4395,1
41956,0
39715,0
40847,0
37740,0
31861,0
7293,0
22701,1
42920,0
40347,0
20667,0
4424,1
10016,1
6235,0
40382,0
1980,0
39944,0
12073,0
17113,0
41427,-1
6296,1
43652,1
32699,0
41298,1
22086,1
36296,0
12050,0
21838,0
25021,1
9715,1
1793,-1
11797,1
39955,0
13618,1
12975,0
1961,1
1489,1
1580,0
22812,-1
29426,-1
9040,1
18921,0
42937,0
195,1
26602,1
21725,0
28543,1
118,1
16669,1
40091,0
10762,1
7388,1
16168,0
26699,0
39443,0
8050,0
3759,1
8175,1
13883,1
43164,0
8488,0
32128,-1
30012,1
30605,1
16853,1
21990,0
40916,0
14214,1
3364,0
18421,1
36951,1
25941,1
39896,0
41070,0
14410,1
38623,0
32023,-1
41462,0
16014,1
35871,0
5591,1
13533,1
33333,0
42514,-1
16778,1
21477,-1
219,1
24274,0
2244,1
42621,-1
707,1
4225,0
3061,0
25246,-1
17146,0
24728,0
29437,1
44251,-1
5841,0
5263,1
16361,0
40933,1
27582,1
36003,0
23845,1
12079,0
30084,0
21722,-1
37485,-1
13487,0
21967,0
41653,-1
20624,1
33557,0
25756,1
28013,1
5620,1
11826,1
9583,0
36209,0
21961,0
10388,1
12549,1
44068,0
19074,0
27979,0
20598,0
37773,1
12976,0
16667,1
25661,1
37259,0
17266,0
4100,1
25711,0
13214,1
151,1
22152,0
2645,0
3739,0
31104,1
13948,-1
28986,0
39062,0
43387,0
30618,0
860,1
2408,0
43899,0
1907,-1
36551,0
25974,1
13234,-1
15019,1
24833,0
2307,0
10140,0
7481,1
6163,1
34093,0
30988,1
4303,1
24848,1
43677,0
12112,1
18881,0
2580,0
31865,-1
2339,1
24431,0
9680,1
5087,0
9617,0
7518,1
11948,0
19239,0
16499,1
23938,0
39880,0
13866,-1
8592,0
22827,1
21099,0
12719,0
25347,0
27447,0
24020,1
22926,1
3578,0
28887,1
36898,0
18326,1
10693,1
16859,1
32981,0
12285,0
18432,1
22000,1
31555,0
39864,1
32905,-1
10148,1
12402,0
33245,-1
21951,1
26382,1
668,1
12005,1
13620,0
18647,0
35599,0
23910,0
3308,0
43239,0
22660,1
39515,0
18680,1
24019,1
36972,0
31661,0
8715,1
15068,-1
25717,0
42725,1
36351,-1
4666,1
25956,1
31662,0
12428,0
6038,0
20707,-1
16285,1
43406,-1
36987,0
26354,0
43492,0
41450,0
28481,1
22831,1
24077,-1
4326,0
21840,1
21849,0
18672,1
6411,0
6386,1
2400,1
15360,-1
16599,1
10402,-1
4125,1
39759,0
40273,0
12769,1
19112,1
4444,1
4299,0
44440,0
25955,1
2941,0
25622,0
27143,1
26406,1
41407,0
14884,1
2545,1
40487,0
6126,1
12218,1
13099,1
14570,0
43043,0
4582,-1
594,1
25122,0
38377,0
5121,-1
38823,0
32040,1
4854,1
16431,1
8028,0
6110,-1
35488,0
9363,1
38466,0
9717,1
41679,0
20101,0
30031,0
12226,1
34080,0
17069,-1
27719,-1
1988,1
6192,1
21156,1
27996,0
25377,1
11558,1
42679,-1
5093,0
1086,0
42742,0
40956,0
21721,0
40906,0
19146,1
2146,1
14465,0
39600,0
36519,0
12923,0
39834,0
1579,0
9483,1
18763,1
21782,1
43835,0
39767,0
3047,0
6999,1
28024,0
30137,1
1599,1
9069,0
14584,1
6436,0
2054,0
29163,0
8220,0
40118,-1
19951,1
32359,0
27061,0
38041,0
20059,0
19487,0
37584,0
14510,0
43223,0
31788,-1
36920,0
17160,-1
25847,1
5013,0
42085,0
31871,0
39799,0
36587,0
36141,0
14035,1
29495,0
42383,1
18720,0
1780,1
27313,-1
19493,1
18692,1
12564,0
25072,0
19330,1
33736,0
34329,0
44203,0
43971,0
14342,1
30758,1
32187,-1
4076,0
5348,1
31233,0
8788,0
36025,1
16597,1
32326,0
30210,1
6758,-1
35502,0
363,-1
12997,0
29611,1
34254,0
39327,0
33514,0
12101,1
17488,0
9571,-1
6069,1
14164,1
3049,0
16419,1
2410,0
33302,0
4342,1
5762,-1
27234,1
25201,0
12366,0
16386,0
24846,0
24285,0
1721,0
31131,0
16651,1
34352,0
9831,0
28882,0
42310,1
5615,0
14340,1
13421,0
21358,0
11878,0
34420,0
27183,-1
2012,1
16784,1
33400,0
43301,1
30239,-1
20781,0
37314,0
38167,0
19128,0
9665,0
26160,0
5832,0
20744,0
38898,0
31094,0
3976,1
16646,1
39133,0
4101,1
40170,0
1604,1
39923,0
29610,1
4019,1
3080,-1
25580,0
26476,1
5797,1
4682,0
26232,1
26155,1
26115,1
2091,1
16857,0
30190,-1
22776,1
22799,1
27836,1
6799,-1
35927,1
16192,0
3868,1
21571,1
24598,0
20008,0
22072,0
2395,1
24407,0
5741,1
41510,0
5214,1
39162,0
23203,0
37285,0
16917,0
27244,1
29819,1
2357,0
26545,1
26244,1
7498,0
35496,1
17181,0
3157,0
2730,0
9210,0
12298,0
20504,1
28803,1
31397,0
13246,0
25564,0
5060,1
27667,0
14648,1
10727,0
506,0
44511,0
26705,1
7030,1
38516,0
15417,0
28474,1
4801,1
40061,0
420,-1
30390,0
2030,1
27066,0
8509,0
43155,0
31513,0
25866,1
4181,0
6973,0
21938,-1
36321,-1
42648,0
29626,1
29159,1
43184,1
2397,-1
4864,-1
43231,0
13954,0
44353,0
23709,0
4160,1
18827,1
9822,1
29514,-1
4662,0
25772,0
29678,1
8143,-1
14918,0
11572,0
33697,0
36721,0
38599,0
11812,1
8861,0
37679,0
29764,1
43350,0
16732,1
41535,0
3003,0
12284,1
25290,0
29442,0
2543,0
8679,0
41169,-1
11767,0
15540,0
26318,0
13641,1
19620,1
29124,-1
31135,0
28829,0
8394,0
31486,0
29345,0
22054,1
43942,-1
27480,0
6502,1
20239,1
13515,0
37401,-1
44616,0
18648,0
319,1
12983,1
31127,0
33055,0
25211,0
20654,1
40059,0
29424,0
9568,0
11846,0
33130,0
7092,1
38905,0
37683,0
36964,0
31566,0
4915,1
33983,0
37733,1
40476,0
139,1
12510,1
16851,0
2393,-1
14942,0
8239,1
13845,0
3950,0
20030,1
29572,1
16688,0
43209,-1
844,0
17273,1
23238,1
37693,1
22664,1
32813,0
36317,-1
16355,0
28910,0
18545,1
31089,0
35936,0
14440,1
32569,0
34340,0
18228,1
33909,0
9184,0
5665,0
27378,0
6315,1
30585,1
8301,0
24239,0
16759,0
5183,0
121,1
19351,0
4735,1
4043,1
14650,0
16390,1
28046,0
14865,1
34342,0
12473,1
37236,0
24400,1
26095,0
43557,-1
25704,1
42853,0
9358,0
41301,0
6632,0
40516,0
5361,0
32063,0
14605,0
12268,1
23708,-1
16692,0
39800,-1
36133,0
6187,1
27018,1
13818,1
43185,0
12130,1
8543,0
5921,1
38134,0
40018,0
2316,1
10449,0
37611,-1
25193,-1
33802,0
15209,0
5487,1
6328,0
14204,-1
40128,0
17027,1
40639,0
5368,1
22143,1
30536,0
25981,1
43292,-1
13118,0
14554,1
11993,0
43439,0
37762,0
7943,0
14337,0
10191,-1
18923,1
43316,0
23692,1
12321,1
30072,1
4558,0
41264,0
42696,-1
567,1
1525,1
42228,0
15382,0
17940,1
23898,0
7614,1
31811,0
36463,0
6313,1
3147,0
30950,-1
10689,0
24921,0
3720,-1
30763,1
17347,-1
4405,-1
8392,1
29118,0
38229,0
27500,1
5765,0
7011,1
9229,0
43709,0
31536,-1
43464,-1
37745,0
35635,0
30229,0
34110,0
27286,1
8698,0
4329,0
32520,0
13024,1
26607,1
9097,0
19093,1
31848,0
38509,0
43839,0
39936,0
43924,0
21440,0
38895,0
26844,1
30161,-1
34006,0
9098,0
25472,0
9159,0
16644,1
27044,0
20214,0
36934,0
26678,1
13878,1
35986,0
13432,1
2171,1
10065,1
26234,-1
2364,0
2857,1
9783,0
2300,0
43743,0
7253,1
401,1
17295,1
33083,1
40549,0
39550,0
29938,1
24220,0
33261,-1
40338,0
44332,0
5851,0
18640,0
6518,1
34092,0
3457,0
9171,0
9095,0
18519,1
29097,0
13120,1
25685,1
10486,1
42237,0
19029,0
31717,0
10047,1
18705,1
26954,0
39284,0
10128,1
119,0
13136,1
9072,1
8097,0
40990,1
27692,1
36268,0
4371,1
7156,0
23653,0
3092,0
15297,0
17199,0
24980,0
12711,1
13992,1
38700,0
33469,0
26506,1
14459,1
22023,0
12062,0
20319,0
8897,1
26303,0
24078,0
24126,0
43674,-1
26222,1
5545,0
14855,1
21520,0
42943,0
8107,0
29811,-1
30594,1
40653,0
3081,1
8719,0
30720,1
16553,0
33033,0
20190,1
20048,1
685,0
40818,0
6027,0
43638,-1
1520,0
24898,-1
2207,1
13389,1
2057,1
689,1
7096,1
38117,0
9901,1
17492,0
25226,0
14994,0
31607,0
12346,0
9594,1
13384,0
10605,1
8449,0
4862,-1
28072,1
19991,0
5029,-1
14477,0
9711,0
5901,1
35898,0
4877,0
642,1
30195,0
38553,0
20354,1
31734,0
358,0
9589,1
367,1
16472,1
41290,0
41055,0
21150,0
15065,-1
7817,1
43957,0
14305,1
8163,0
10184,0
26973,1
32654,0
8436,0
6319,1
8780,0
24402,1
26831,1
14153,1
14764,1
21966,0
31472,1
13291,0
13192,1
6108,1
17606,1
5346,0
10448,-1
33905,0
41646,0
28037,1
6199,1
25194,1
22687,1
10324,1
16960,1
30892,1
22746,1
43457,-1
18868,0
34446,0
6426,1
37842,0
34228,0
23747,1
5565,0
12493,0
38058,1
26805,0
31877,0
12673,1
4030,1
27865,0
26305,0
14741,1
2890,1
16561,1
9714,0
9574,-1
23895,0
30631,0
2117,1
32403,0
4364,0
4257,0
36536,0
27680,0
28173,0
5497,1
36238,0
25297,0
22009,0
13844,-1
14877,1
13344,0
13295,0
6149,0
7281,0
13343,1
10522,1
1482,1
5350,0
14356,1
37255,0
2672,0
19199,1
30054,1
485,0
37943,-1
16205,0
39904,0
5530,1
33116,0
9267,1
5533,0
30016,0
19167,0
42243,0
24956,-1
16879,0
38204,0
632,1
31901,0
27294,0
720,1
22131,0
13307,0
42859,0
27021,0
29657,1
29860,0
29914,0
10774,0
44502,0
32461,0
28930,0
3808,0
12674,0
31672,0
24344,0
20403,0
14557,1
16480,0
8962,0
19153,1
5667,1
19184,1
27160,1
5468,0
18789,0
8675,0
37632,0
21676,0
10169,1
29785,1
33058,0
37988,0
20724,1
5725,0
19234,0
43170,0
41069,0
26712,1
8377,0
33969,0
36454,0
36132,0
12991,1
6803,0
21334,0
31014,0
8181,0
2108,1
35549,0
12829,1
8215,0
26389,-1
14814,1
8572,0
24061,1
25626,1
32646,0
9676,1
33646,0
41530,0
12416,1
29957,1
16284,-1
26229,1
4613,1
7122,0
42380,0
6191,0
34405,1
41050,0
8252,0
33960,0
41713,-1
573,1
17385,1
12182,1
8254,-1
24291,1
38621,-1
30213,1
35519,0
16979,1
20394,1
29663,1
31692,0
35608,1
12860,0
28033,0
24033,1
39298,0
4757,1
37193,0
6904,0
25958,-1
2095,1
2392,-1
10528,1
23965,-1
36974,0
37099,0
4380,1
24640,0
25850,-1
13064,1
42681,-1
40051,0
19999,1
10608,1
41997,0
40460,0
36496,0
21931,0
2681,0
28907,1
39810,0
41792,-1
4572,-1
5956,1
40864,0
19297,-1
24421,0
31120,0
5560,0
35658,0
9219,1
24780,-1
20357,0
3464,-1
29410,1
27406,1
4521,1
7579,1
32094,0
10456,1
7954,0
33874,0
35818,0
12055,0
42366,0
16523,1
19210,0
29212,0
12770,0
397,1
14771,1
5316,0
5104,-1
2496,0
44521,1
4441,1
36980,0
33977,0
26876,0
28855,1
31301,0
23135,-1
8846,0
40577,0
9551,1
26758,1
37291,0
33411,0
36354,0
41765,0
14811,1
29655,1
40927,0
40323,1
1469,1
810,1
36026,0
12757,1
12194,-1
43458,0
25441,0
27706,1
2013,1
4015,0
20265,1
6940,1
29830,-1
1501,0
37951,0
365,1
38092,0
25949,1
6448,0
44051,-1
6010,0
3300,1
16992,1
22889,1
16906,1
14420,0
29417,1
12781,0
9612,0
4144,1
6958,1
9078,0
18953,1
645,1
30439,0
38026,0
14777,1
6211,1
20173,0
18753,1
6910,-1
43247,0
25452,0
20299,1
25453,1
9413,-1
20097,1
13644,0
6295,1
14181,1
25296,1
34003,0
24629,0
3068,1
8265,0
7972,1
43144,0
29769,1
19345,0
34544,0
31748,1
1636,0
12924,0
18118,0
5548,0
1683,1
36506,0
6023,1
36104,0
31200,0
13285,-1
40879,1
16847,0
5053,0
34357,0
12098,0
5422,0
30287,1
42717,-1
30568,0
2504,1
20226,1
32282,0
28659,1
27146,0
38740,0
20154,1
26344,1
13767,1
4171,1
20011,0
37904,1
25743,1
29804,1
37243,0
44431,0
42305,0
4957,0
1850,1
17289,1
18280,1
8079,0
33716,0
27230,-1
41799,0
16577,-1
28724,1
28142,0
23869,-1
43918,0
20349,0
8812,-1
12054,0
4354,1
26920,1
33655,0
26193,-1
88,1
19148,0
27053,0
8438,0
32687,-1
43692,0
4815,0
35041,0
9566,1
26142,1
9361,0
19103,0
8511,0
5894,0
40910,0
28939,1
43381,0
92,1
40094,0
3734,0
21953,1
8205,1
43953,0
2421,1
9337,1
15361,1
34447,0
13047,0
16746,-1
41637,0
4163,1
4224,1
24747,0
41816,-1
33570,0
22718,1
9067,0
32676,0
37597,1
36119,0
38848,0
14503,0
10287,0
20251,1
36990,0
4094,1
13345,1
42569,0
43451,0
21634,0
2382,1
12217,1
7222,1
14717,1
32742,1
36440,0
8540,0
20221,0
38334,0
30513,1
29755,0
31417,0
22150,0
41010,0
32446,0
31629,0
13443,0
27763,1
38759,0
23752,1
20230,1
36028,0
42651,0
30110,-1
8409,1
14788,-1
8151,0
16770,0
27948,1
43690,0
16229,1
25853,0
39660,0
38643,0
2163,0
13320,0
6078,1
31068,0
27384,1
38341,0
9387,1
24076,0
28530,1
38130,0
12035,1
13465,-1
16717,0
21936,0
38835,0
28704,1
8434,0
30146,-1
35973,0
32996,-1
3581,0
37176,0
31392,0
29917,0
31828,0
17980,0
32033,0
29507,1
27566,1
7983,1
11755,0
24208,1
9909,0
7137,0
5727,0
32849,0
4374,1
43345,0
33454,0
5673,1
33949,0
34253,0
25495,0
26141,1
23608,1
18924,0
6560,0
12056,0
6911,0
23402,1
41081,0
25582,0
5569,0
8083,1
5339,-1
42241,0
368,1
30729,0
21400,0
18987,0
13467,0
41895,0
5098,-1
40077,0
19584,0
41096,0
43232,1
32173,1
14596,1
17257,1
12206,0
30962,0
30514,0
8253,0
44269,1
39819,1
24690,0
37561,-1
5385,1
18182,1
8615,0
6284,1
9527,0
705,0
40505,0
12988,1
519,1
34332,0
21096,0
24983,-1
39914,1
26099,0
29696,1
31369,0
16894,1
616,1
10246,1
13239,0
44058,0
36530,0
41508,0
9694,1
2194,0
32932,0
42267,0
25528,-1
38506,0
26539,1
5078,0
18523,0
19380,1
21640,1
37646,0
9251,-1
43372,0
27210,1
5119,1
38850,0
4925,1
29513,1
16658,0
37011,0
3764,1
26566,1
36098,1
37691,-1
42566,0
26054,0
8270,0
10587,0
8287,1
21877,0
4742,0
27048,0
36356,0
40999,0
31823,0
38188,1
39741,-1
2683,0
39038,-1
25175,0
12168,0
18286,1
14189,1
779,1
9018,1
24009,1
30272,0
42275,0
20413,1
4883,1
40904,0
42152,0
5964,1
30786,1
31678,0
2630,-1
17225,0
10855,0
38542,0
2023,-1
33565,0
37914,0
9720,1
12221,0
8625,0
16920,0
29748,1
16889,1
33779,0
44352,0
37199,-1
42505,0
8918,0
18911,-1
9234,0
40376,0
13581,1
20298,0
12012,1
13390,1
26933,0
8943,0
10407,0
10514,1
18643,0
13738,0
37341,0
43227,1
29910,-1
31707,0
25554,1
43507,0
44519,0
803,1
41214,0
38937,0
16832,0
2001,0
24533,0
30952,0
44043,-1
43873,1
16948,-1
41797,0
15071,1
24060,1
34381,0
43078,0
12097,0
29929,0
8302,0
25124,1
31110,0
43728,-1
4497,1
25940,0
32724,0
9657,0
36513,0
12180,1
43006,0
25130,0
36695,0
14301,1
35912,0
17252,0
5684,-1
12312,1
42820,0
12570,0
29781,1
12325,1
38975,0
23150,1
13976,0
1802,1
19324,1
284,1
29670,1
27279,-1
16994,0
8137,0
42942,0
11549,1
8477,0
9958,0
43483,1
13481,1
17222,-1
4017,1
17886,1
12110,1
5251,-1
29802,1
40488,0
30620,1
1805,0
8426,0
26996,1
34153,0
30477,-1
8348,0
34428,-1
24250,0
13556,-1
11983,1
12119,0
40391,0
28624,0
37271,0
1909,1
38866,-1
18199,1
27111,1
10570,1
17062,1
25683,-1
18653,-1
40451,0
14247,1
44468,0
157,1
14114,0
9753,0
18619,-1
7026,0
34091,0
10175,0
25524,0
3810,1
31924,0
5327,1
35717,0
15006,0
32697,0
13222,1
19280,1
2050,1
21767,0
345,1
12748,0
30526,0
31384,1
19299,-1
44429,0
40901,0
12379,0
30171,1
40137,0
33017,0
17186,-1
19130,1
12669,-1
20241,1
15232,0
21107,0
25966,1
29961,-1
37411,0
41045,0
5311,0
34087,0
38825,0
40966,0
34549,0
40190,0
2065,0
33589,0
27846,1
37210,0
43712,0
13824,1
22805,0
20393,0
39790,0
36545,0
34115,0
34551,-1
30316,0
18991,0
27355,0
6672,0
31054,0
8803,0
9138,0
9970,1
43519,0
29944,0
501,0
2130,0
24907,0
18990,1
12806,0
33470,-1
17193,1
41395,0
16937,0
44000,0
5666,0
43866,-1
10747,1
14218,0
27205,0
2271,1
6497,1
718,1
11675,-1
31087,0
17065,1
440,1
14578,0
26773,1
7665,1
30197,-1
36021,1
37879,0
8746,0
42633,0
14158,1
30900,0
24545,1
26209,1
31309,-1
32125,0
40197,0
16487,1
19269,0
6083,1
19369,1
43218,0
26266,1
5618,1
40625,0
30018,-1
44419,0
8891,0
18101,0
5955,0
36079,0
28213,0
27073,0
18325,0
9406,-1
25650,1
37140,1
39558,0
35609,0
43321,0
32573,0
4855,0
20604,-1
17189,0
32374,0
721,1
8906,0
17449,1
4876,0
13758,1
20486,0
42262,0
23912,1
14390,0
23690,0
30904,-1
33233,0
13292,0
26324,1
44393,0
3117,1
10447,0
17092,1
43961,-1
12282,0
32556,0
19580,-1
12861,0
36569,0
39924,1
30556,1
29227,0
31322,-1
33335,0
10166,1
5367,1
26279,1
19256,1
4715,0
30358,-1
5753,1
22085,0
1554,0
27916,0
30877,0
14016,1
12414,1
17701,1
2044,1
19879,0
26223,1
26522,1
5369,1
38745,0
39568,0
32567,-1
18670,1
17855,0
29759,-1
27154,1
18962,1
416,1
41880,0
12128,0
34451,0
7126,0
19569,1
37382,0
13266,1
4816,0
37738,0
44493,0
37583,0
21852,0
43950,0
42492,0
10373,1
37521,-1
743,0
39786,0
16809,1
29519,1
43809,0
31220,0
9994,0
44485,0
17269,0
37700,-1
3228,-1
40078,-1
36112,-1
9775,0
6932,1
25912,1
38011,0
26165,0
29827,0
709,1
5219,0
37681,0
4316,0
14521,1
25422,1
43086,0
37787,-1
37281,0
33541,0
6046,1
19758,1
18635,-1
8999,0
33408,0
18897,-1
43120,0
25610,1
8645,0
7988,0
36562,0
9124,0
40511,-1
13823,0
10327,0
43075,0
26230,1
27507,-1
4913,0
25877,0
41121,1
40079,0
36979,0
39188,0
13262,1
13200,1
23765,1
8379,1
41483,0
29839,0
24300,1
33118,0
43587,0
24753,0
12548,0
29875,1
5986,1
29844,1
33098,0
231,1
32451,1
24901,1
34467,-1
4251,1
31714,0
34738,0
42864,0
27137,0
29235,0
9225,-1
38679,0
30806,0
41105,0
18556,0
26653,1
20074,0
36360,-1
16605,0
39051,-1
6214,1
39948,0
26439,1
16477,-1
32069,0
16975,1
13333,1
37188,0
39805,0
26387,1
33783,0
40420,0
38008,0
14206,1
40044,0
14160,1
10756,1
31994,0
26652,1
4634,0
41168,0
36639,0
43201,0
19233,-1
44416,0
33326,0
26532,1
23083,1
22726,1
43781,1
33206,0
35493,0
40943,1
34498,0
21376,0
42639,0
6356,-1
34430,0
2945,0
4964,0
17121,0
5108,-1
40567,0
8574,0
569,0
33264,0
40241,0
25780,1
28878,1
42922,0
17677,0
39978,1
17527,-1
41595,0
25917,1
16535,0
27783,1
26049,0
25736,0
13604,1
13927,1
24067,0
14382,1
27216,1
21702,1
28051,1
36571,0
33600,-1
32098,0
41856,0
43739,0
29963,-1
11538,1
2330,1
26092,0
37791,0
30086,0
26809,0
5401,-1
36401,-1
10055,0
31956,0
23949,1
18303,1
31332,1
1897,1
17908,0
36076,0
14402,0
38864,0
26842,1
23168,1
34695,0
21523,0
41842,0
10056,0
29389,1
24877,0
19026,1
31404,0
15462,-1
32105,0
39783,0
32842,0
13223,1
32453,0
42453,0
15408,0
332,-1
12254,0
2704,0
6937,1
11813,0
25666,0
23005,1
1630,0
33829,0
41026,0
9896,0
12335,0
27903,1
4399,0
27947,1
2009,0
37170,0
27698,1
25368,0
21845,0
15286,0
29379,1
8279,0
25292,0
5329,1
38057,0
27552,0
35969,0
36593,0
12421,0
19028,1
16407,1
16527,0
4362,0
37917,0
9703,1
6041,1
25215,0
17035,-1
34378,-1
31061,0
27909,0
40052,0
44570,0
10010,0
38612,0
29328,-1
8960,0
30690,0
31490,0
40421,-1
26780,1
837,1
43925,0
39965,0
8241,0
23010,0
9814,0
33443,-1
33253,0
44320,0
9659,0
42676,-1
44088,0
5600,0
33807,-1
8115,-1
2430,1
30036,-1
12807,0
32999,0
39032,0
29673,0
36350,1
39619,0
23777,1
28814,1
374,1
354,1
10151,1
14038,1
12212,0
42244,0
26745,1
8000,1
4368,1
5317,-1
25383,1
8341,1
3522,1
17185,-1
21906,0
20496,1
30968,0
14808,0
38606,0
12155,0
34163,0
27629,0
16410,-1
6862,1
19720,1
4904,1
14031,0
9986,0
2724,0
23833,0
36481,0
24445,0
17741,0
9631,1
39529,0
37580,1
23091,1
43470,0
19310,-1
41779,0
10683,1
42467,0
10372,0
1625,1
24275,1
12374,1
619,1
34248,0
13930,-1
3194,0
44048,0
2365,1
14919,0
30865,0
27825,1
36145,0
12789,0
8933,0
2066,1
8333,0
12485,1
4734,0
24689,-1
30983,1
4013,1
8199,0
26235,1
33564,0
234,0
9687,0
27415,1
27610,1
26755,1
9664,1
33031,0
35522,0
39172,0
40130,0
26409,1
26411,1
29734,-1
30974,0
35949,0
36977,0
10624,1
38671,0
24405,1
23570,-1
10337,-1
9792,1
8775,0
38319,0
38709,0
10289,1
29393,0
740,1
15011,1
18180,-1
4151,1
32041,0
26138,1
26458,0
11695,1
8658,0
5355,1
12296,0
5173,0
22658,1
35675,0
5801,-1
41603,-1
4317,0
22854,1
28960,1
761,1
28720,1
37084,0
4323,0
6100,1
30028,1
31279,0
33412,0
18236,1
7317,1
30295,-1
8834,0
25443,1
24832,-1
41036,1
714,-1
31818,0
15133,-1
12566,0
20127,0
32248,0
3284,0
10243,0
36855,0
43367,0
41020,0
6416,1
10362,0
43967,0
2170,1
27174,0
33954,0
14190,1
30151,-1
29842,1
16785,1
28861,0
18639,1
16693,0
33871,0
37256,0
41404,0
26896,0
41897,-1
19586,1
43473,0
42429,0
21853,0
22834,0
14813,1
18332,0
41317,0
3909,0
32702,0
4052,0
35570,0
30064,1
28888,0
13261,1
35114,-1
21266,-1
6951,1
4929,0
12768,1
4148,-1
38772,0
40830,0
26663,1
36634,0
13484,1
43117,-1
10064,1
30096,-1
8423,0
25058,0
6205,1
16220,0
15038,0
4229,1
22146,1
20126,1
13774,1
25173,1
37488,0
41798,0
28422,1
4085,1
10069,0
39641,0
31904,0
28957,-1
16751,1
16928,0
13686,1
29787,0
14519,0
9020,0
4111,0
27298,1
12717,1
43079,0
18654,0
12543,1
4135,1
11740,0
1704,0
25184,0
19942,-1
41748,0
27477,1
12859,0
40238,0
41606,0
32907,0
41288,0
12111,1
29108,0
19735,0
35703,0
9563,0
15281,-1
33271,0
25591,1
30515,1
13909,1
16728,1
43133,0
44020,-1
37329,0
30331,1
14651,1
16611,1
14679,0
23899,1
12952,0
10596,0
19516,-1
21704,0
13350,1
814,1
1504,0
1851,-1
40543,0
2932,0
143,1
8614,0
27973,1
4863,0
16633,0
44577,0
14345,0
27486,0
14514,0
14612,1
32237,-1
27440,1
15532,0
32127,1
14308,1
8343,1
4246,1
22681,0
548,0
1622,1
7531,1
34267,0
39011,0
5764,1
12519,0
13622,0
42812,0
20236,1
43573,1
28004,1
4055,1
34170,0
31931,-1
6294,1
27093,-1
9442,0
6237,0
44655,0
36043,0
3699,0
8863,1
27016,1
42560,0
1940,1
13494,1
32139,0
14958,0
9642,1
43269,0
7613,1
38062,0
32753,0
40985,0
8710,0
12173,1
26200,1
16186,0
8009,1
24857,0
28054,-1
16380,1
14293,0
3044,1
2409,0
8804,0
30483,1
39855,0
32486,0
14404,1
10000,1
35529,-1
21248,-1
36651,0
29401,0
39026,0
36945,0
37402,1
41071,1
14341,1
33349,0
37353,0
35537,1
22626,0
31258,0
8713,0
8552,0
40762,0
31284,-1
34692,0
12701,-1
460,1
27578,1
14203,0
17033,0
4635,1
26238,1
6106,1
528,1
29228,0
8500,1
6332,1
41926,0
12074,1
8077,1
15094,0
32334,0
39514,0
16804,1
30452,-1
27961,1
28746,1
38677,0
9319,0
37076,1
29223,1
41780,0
186,1
35547,0
7685,1
43937,-1
5018,0
31475,1
25829,1
16634,0
9422,1
10742,0
6905,0
31262,0
23192,0
32661,0
40120,0
26327,0
24072,1
12424,0
30118,1
6209,1
13265,0
25485,1
19785,1
10833,0
42663,0
41138,0
36207,0
19142,1
4177,1
28927,1
30814,0
2802,0
7117,1
4345,0
1619,0
31375,1
91,1
12156,0
27714,0
39980,0
37169,0
20125,0
12434,0
22064,0
22041,0
1848,0
44397,0
18971,-1
2947,1
28906,0
28041,1
38245,0
4985,0
12663,0
37441,0
9044,0
37782,0
39040,0
35210,0
19270,1
36038,0
36087,0
14090,0
28805,1
29148,1
16888,1
20351,1
21949,0
30844,1
33923,0
28071,0
18710,0
10524,0
27316,1
19291,-1
6008,1
44003,0
26277,1
6791,-1
35517,0
36412,0
3167,0
42324,1
10066,0
14220,0
18729,1
26007,1
6132,1
41173,0
37461,0
11727,1
29365,1
26385,1
19298,-1
14789,1
18105,1
28084,0
43271,0
13472,0
38685,0
4014,0
36162,0
32566,0
38873,0
34734,0
34296,0
11661,1
2036,1
43156,-1
4792,0
5418,1
37839,0
43635,0
23089,0
18488,1
37522,0
43069,0
8728,1
24794,1
9690,1
26961,0
11577,0
31271,-1
6962,-1
831,1
43474,0
38976,0
39836,0
10106,0
18658,0
63,1
37197,-1
29185,0
41522,0
44170,0
25128,0
43312,0
9021,-1
5568,1
5857,1
29200,1
7570,0
35546,0
10813,1
19398,1
26999,0
34194,0
2722,1
24128,1
18840,0
28827,0
18678,0
1467,1
8935,1
36893,0
2643,0
17916,0
2670,0
9508,0
30891,1
12440,0
31943,0
24842,0
26225,0
19031,-1
10270,0
24957,0
43713,0
2246,0
27269,1
8300,0
10004,-1
37633,0
31887,-1
34047,0
29158,0
27476,1
25653,1
1543,1
12430,1
43261,-1
10814,0
42643,0
27734,1
9757,0
18570,0
13489,1
14532,-1
8573,0
27754,0
18285,-1
43125,0
27612,1
26851,1
8884,0
30093,1
32888,0
28898,0
23742,1
37062,0
24392,0
6040,1
38098,0
41257,-1
197,1
21809,0
23471,-1
16227,1
16615,1
28975,0
32112,0
5157,0
21796,0
13527,0
17082,-1
4359,0
14296,1
27494,0
4396,0
12255,0
27810,1
4376,1
406,0
43145,0
17127,1
37702,0
31754,0
1655,-1
23549,0
33709,0
14790,1
8016,-1
38462,1
13383,-1
12956,0
31408,0
17220,1
18985,1
4039,1
19312,1
31316,0
30661,0
6385,0
5511,0
40147,0
41191,1
17597,1
20789,0
13053,1
5134,-1
29935,1
592,0
28658,0
41644,0
10551,-1
28893,0
6866,1
35187,0
26951,1
27581,0
9838,1
34294,0
9201,0
17702,0
27270,1
17872,-1
8087,1
38609,0
42369,0
22663,1
39013,0
16177,1
18951,1
25785,0
4353,0
8641,0
37263,0
27435,1
9660,0
22890,1
29354,1
43802,1
38916,0
3182,0
16196,1
39795,0
17165,1
8821,0
3341,0
540,1
4310,1
8249,0
40861,0
21837,-1
22670,1
10250,0
31175,0
14845,0
27941,0
27128,1
13639,1
26752,0
29924,1
24583,-1
12165,1
13566,0
8092,0
26578,1
38990,0
30275,0
25162,0
25976,0
9790,0
43399,0
19965,0
20628,0
44451,0
40601,0
17866,-1
15310,-1
772,1
12183,1
19070,1
2125,0
3164,0
28572,0
35590,0
44682,0
43179,0
12731,1
29727,-1
9537,0
5670,0
9623,0
37828,0
9671,1
39990,0
13782,1
16289,0
20172,1
13875,1
28177,1
5328,1
19196,0
14573,0
18805,0
27537,1
32378,0
36955,0
8841,0
37459,0
22109,0
8871,0
37896,1
26109,1
39565,0
8284,0
43897,0
10314,1
39557,0
3751,1
12508,0
10679,1
36391,0
40696,0
14611,1
8173,1
8271,1
16504,1
7017,0
25573,0
38880,0
32362,0
6291,0
43342,0
32939,0
3493,0
44489,0
43187,1
3168,-1
32312,0
37938,0
32422,0
10167,0
31337,0
40099,0
6128,1
33197,0
43307,1
43616,0
8408,1
37406,0
26242,1
24194,0
31116,0
34242,0
25778,1
29199,1
37908,0
14583,1
10753,-1
17042,1
26217,1
30364,-1
618,1
7084,1
27245,1
6138,1
37803,0
672,1
21183,-1
1978,-1
31570,0
35993,0
32832,0
39464,0
7047,0
5638,1
36518,0
12542,0
15031,0
24715,1
22060,-1
24408,1
36164,0
8234,0
19503,0
22678,1
31846,0
8809,0
38089,0
40210,0
26714,1
32673,0
22070,0
1785,1
21081,1
25029,0
28203,1
9843,0
19504,1
30351,0
14268,-1
37110,0
40802,0
30152,-1
30499,0
11778,0
24106,1
14967,0
14040,1
5360,-1
37276,0
7125,0
32156,0
43246,0
31718,0
43175,0
36937,0
4059,1
26043,1
38193,0
13126,1
25838,1
38707,0
34534,0
25364,1
6308,1
32914,0
1723,0
19223,1
7059,1
32480,0
40610,0
14361,1
43578,0
14129,-1
37964,0
43360,0
35513,0
1839,1
33307,0
39935,0
7043,0
39065,0
8590,0
30438,1
33820,0
35074,0
27215,0
27789,0
24623,0
2514,0
35664,0
34575,-1
1803,0
36057,0
41076,0
40093,0
6444,0
8395,1
40275,0
21910,0
20150,0
41074,0
6924,1
34008,-1
27097,0
43456,-1
9862,-1
13809,1
40658,0
6031,1
12420,1
8111,1
29210,1
8374,1
12108,0
10692,1
16173,-1
30288,-1
5417,1
30760,0
7038,1
14310,0
8145,0
26647,1
43511,-1
14106,-1
36523,0
39052,0
44569,-1
5185,0
32706,0
2596,-1
40134,0
30149,1
13529,0
4046,0
37982,0
25583,0
12857,1
14977,0
12576,0
36510,0
14563,1
12084,1
38805,0
9114,1
24881,0
18792,0
5494,0
14810,1
43286,0
36901,0
7584,0
38335,0
41890,0
4517,1
44568,0
17063,0
29343,0
9196,1
6438,0
9118,1
24419,0
36973,0
2353,-1
6941,-1
13907,0
24207,0
16670,0
9369,0
18631,1
44695,0
15206,0
23748,1
20304,0
2653,-1
644,1
15122,1
26008,1
408,1
18848,0
37095,0
29733,-1
35938,1
36552,0
32908,0
8481,0
24597,0
13538,1
17716,0
14128,1
1506,0
9781,1
11729,1
42286,0
24105,0
27203,0
20352,0
26525,0
31694,0
13375,0
5030,0
31037,0
8183,1
29644,1
43062,0
298,1
2644,0
29534,1
7501,0
44414,0
36328,0
638,1
25232,0
21790,1
35180,1
31569,1
11621,0
14271,1
37172,0
14431,1
8835,1
4902,1
12043,1
201,1
10354,0
33296,0
39451,0
12126,0
30370,1
11956,0
34354,0
31315,1
3144,0
18740,1
264,1
30623,-1
12761,0
44473,0
8554,0
42484,0
34363,-1
19776,0
25721,1
38244,0
34183,0
10203,1
8056,0
17779,1
36635,0
7166,1
33173,0
31362,0
28542,1
5711,0
29959,1
44086,0
35875,1
40440,0
6961,1
29138,0
9955,0
39718,0
33084,0
22909,0
23384,1
31690,0
9339,0
5206,0
10638,0
15386,1
32694,0
4470,1
7459,1
26473,0
23864,1
40084,0
29990,0
26571,0
27705,1
14823,1
17176,0
131,1
16498,0
6413,0
37080,0
24589,0
14294,0
36916,0
12936,0
30812,0
1871,0
13496,1
18693,0
39545,0
3826,0
8418,0
31552,0
27009,1
17046,1
2694,1
31551,1
20457,0
32265,-1
26679,0
26942,1
31981,0
41988,0
10593,0
34699,0
37932,0
2040,1
38201,0
10431,-1
29239,0
19340,1
6101,1
21570,0
16837,1
40706,0
13858,0
38037,0
32459,0
2913,0
288,1
43543,0
9238,1
13348,1
26515,-1
6339,1
1353,0
43297,0
410,1
28327,1
41762,0
36632,0
9388,0
25962,1
31243,-1
589,0
30266,0
23967,1
20333,0
9553,0
43409,1
19568,0
27362,1
4800,0
27172,1
9713,0
33895,0
33567,0
38013,0
3028,0
33458,0
3774,1
23997,1
38485,0
37846,0
10193,1
13148,0
13956,-1
41553,1
21679,0
25692,0
35579,0
28607,0
20693,1
40987,0
35892,0
2092,1
137,1
44649,0
7955,0
34090,-1
14716,1
6007,1
38713,0
34320,0
1686,1
31874,0
3433,1
43482,0
31798,0
415,1
41111,0
42775,0
36507,0
34188,0
38652,-1
4188,0
13840,-1
25594,0
25165,0
13903,1
44438,0
15565,1
5244,-1
36186,0
34029,-1
26210,1
18645,-1
537,1
26795,0
20271,0
42974,0
43322,0
27745,1
25800,1
29450,1
31372,1
33165,0
43637,0
10165,0
1853,0
32055,0
4379,0
43946,1
17116,0
30535,1
14113,1
14875,1
12004,0
20105,0
2823,1
14678,1
41478,0
8112,0
38867,0
29793,1
17726,-1
4722,1
1722,1
30131,1
28800,1
40453,0
14125,0
30006,-1
12747,0
3089,0
43917,0
40498,0
43875,0
9309,0
26893,1
60,0
3940,0
13668,1
22818,0
14411,1
9295,1
38278,0
33497,0
8722,0
31422,0
27180,1
23764,0
14336,1
2071,0
15536,0
31129,0
14889,1
28220,0
34202,0
12069,1
42351,0
30274,0
2261,0
2341,1
32126,0
4805,0
15328,1
41499,0
5520,0
18562,1
18227,1
15457,1
4723,1
7049,0
31856,-1
13813,1
16199,-1
35535,0
37662,0
36833,0
28860,1
9454,0
5693,0
39946,0
34921,0
27862,1
6060,1
26850,1
18682,0
29192,1
27585,1
4332,1
20195,0
29799,1
6081,0
37235,0
9237,0
27322,0
24824,1
37189,-1
25231,1
34723,0
4579,0
42088,0
14118,-1
20200,0
26878,0
2168,0
30455,0
37087,0
40098,0
26759,1
5095,1
25469,1
21922,-1
28885,1
43071,0
38356,0
10468,1
12452,0
44270,0
7085,0
16829,1
23779,-1
37686,0
39749,0
32618,0
36748,1
4412,0
31703,0
8328,1
29978,1
14782,1
37907,-1
10788,1
25592,0
25136,1
16862,0
44657,0
8526,0
24083,0
36366,0
20258,0
14929,1
8007,1
42415,0
7343,0
44395,0
43041,-1
38313,0
42468,0
29103,-1
29881,1
10312,0
34000,0
29463,1
24928,0
32636,1
25727,0
449,1
38981,0
27912,1
33754,0
9325,0
23075,0
1457,0
29085,0
4806,1
6778,-1
40448,0
27287,1
10264,0
25425,1
5574,0
8182,1
42583,0
22892,0
42412,1
41210,0
33683,-1
11593,0
8936,0
27105,0
9849,0
33174,0
4954,0
5451,0
12216,1
18177,1
4525,1
13186,0
30475,0
33752,0
33588,0
29416,1
26454,0
29818,1
9756,1
8837,1
41243,0
26462,1
31085,0
5820,1
17018,0
493,1
35556,0
26483,0
6986,1
4318,0
11938,1
19998,1
12935,0
29368,0
9141,0
12725,0
30857,0
14323,0
25510,0
26740,1
556,1
1693,1
5607,-1
8594,0
38325,0
9748,0
5442,0
25456,1
36156,0
28066,0
24631,0
21631,0
5583,1
4503,1
43825,0
41694,1
14196,1
31546,0
6357,-1
41542,0
2925,0
43290,0
36864,0
9802,0
12270,0
20446,1
21616,-1
16801,0
24839,-1
32463,0
16711,0
36722,0
37211,1
40388,0
1528,0
32083,0
32199,0
31317,-1
12025,0
30834,1
30194,1
31405,0
12817,1
43561,0
13784,0
2336,1
33269,0
25327,0
107,0
12687,1
35991,0
22076,0
21861,1
4211,1
41800,0
14182,1
14843,0
23019,0
19126,1
3819,1
8723,0
36935,0
42519,1
3234,1
36919,0
22028,0
43199,0
2764,0
36804,0
5382,0
27221,1
9340,1
40669,0
30014,-1
10006,1
39837,0
27057,1
30303,0
13746,1
8194,0
30215,0
37344,-1
16329,1
8827,1
35460,0
43100,0
13611,0
16988,1
43708,1
6789,-1
23432,1
32207,1
36066,0
38536,0
23744,1
12052,1
14873,1
2926,-1
2111,1
676,0
31117,0
1856,1
14500,1
41627,0
6926,0
8692,0
23993,1
17551,1
9663,0
12715,0
17676,1
33059,0
8963,0
25910,0
5672,1
15429,1
14163,1
2231,0
6285,1
37742,0
17901,0
13392,1
30640,0
5234,1
25599,1
26721,1
38908,0
33117,0
19793,1
11543,0
42388,0
5668,0
39913,0
26343,1
9752,0
2149,1
104,0
18770,0
8398,0
19111,0
24506,-1
30896,1
29930,1
30839,1
34337,0
30500,0
40055,0
35672,0
31467,1
18281,0
24515,-1
19521,1
21747,1
16909,1
13589,1
27475,1
5642,1
36717,0
30772,1
31548,0
42381,1
35494,0
16483,0
36947,0
14793,1
44241,0
27367,1
42811,0
25651,1
19262,1
33970,0
8638,0
25817,0
25929,0
5844,1
1566,0
43976,0
33040,0
41231,0
29520,1
39606,0
26435,1
4474,0
37445,-1
4939,-1
5617,0
8259,-1
2275,0
9384,-1
2321,1
45,1
23393,0
20279,0
44010,0
12511,1
28828,1
26667,1
29848,0
31919,0
41112,0
424,0
14863,1
35602,1
32059,0
18171,0
31373,1
790,1
12419,1
26255,1
32407,0
31456,-1
1985,0
38868,1
13046,0
4943,1
4168,1
6757,0
13207,1
40557,0
19171,1
30920,0
34089,0
4056,1
5848,1
28818,-1
35524,0
10470,1
29309,0
26528,1
8195,1
10313,0
32457,0
15295,0
25471,1
2674,0
25609,1
22068,0
9769,0
34235,0
43617,0
41479,0
3296,1
14039,1
37602,0
17448,0
9235,0
17895,-1
19099,0
42290,1
6181,1
33532,0
13241,1
24750,1
4766,0
27058,1
5724,0
36750,0
32130,0
29357,0
28016,1
27618,1
5010,0
31987,0
1994,0
8113,0
4914,1
39029,0
674,-1
8725,0
19794,1
4230,1
41661,1
18722,0
37727,0
4296,1
8403,0
43338,0
10046,1
20192,1
36533,0
25314,0
25997,1
9791,0
44469,0
19020,-1
31139,0
39571,0
42749,0
31449,0
13010,1
590,0
30296,0
38569,0
36567,1
29683,1
43189,0
37137,0
11967,-1
18313,0
43588,0
8571,0
30580,1
1987,0
8559,0
4373,1
16631,0
25900,1
41262,0
32643,0
42320,0
11710,0
11668,0
25914,0
43102,0
31055,0
41044,0
26394,0
27232,1
4875,0
36434,0
40981,0
44229,0
18241,0
40626,0
102,1
12061,0
43053,1
20369,0
14124,1
37820,0
4713,0
19221,0
16457,0
18742,0
15768,0
21564,0
26009,0
301,1
27980,1
35650,0
17128,0
9515,-1
5970,1
23876,0
6914,0
40869,1
40862,0
42409,0
38574,0
442,1
6852,1
7037,1
8232,0
36403,0
255,1
30315,0
6898,0
39961,0
17281,1
37059,0
3963,0
42675,1
41242,0
35076,0
39450,0
42254,0
6037,1
23756,1
8765,0
4027,1
11592,0
30459,1
2931,0
28674,1
9501,0
1623,0
37313,-1
10284,0
38271,1
32516,0
29181,1
28849,1
36165,0
27885,-1
26047,1
1490,0
31623,0
2159,1
31476,-1
6612,-1
33453,0
4858,0
5002,1
41099,0
44315,0
54,1
10125,0
23222,0
6405,-1
37807,0
2267,0
29329,-1
14441,1
26118,0
34318,0
37991,-1
37747,0
26760,1
35989,0
20079,0
21534,0
35026,0
42618,-1
32521,0
8296,0
27374,1
6933,-1
43795,0
15296,0
43755,0
15385,-1
7312,1
33720,-1
12482,0
13113,1
9548,0
11569,1
20297,0
28987,-1
11691,0
42281,0
27586,1
11998,0
12808,1
2011,1
31109,0
16738,1
13304,1
42488,0
11834,0
630,1
43082,0
40477,0
24618,0
36953,0
5874,0
30815,-1
28149,1
4283,0
37731,-1
26290,1
30004,-1
4830,0
34514,0
31564,0
29835,1
26672,1
42983,0
37712,0
38611,0
22848,1
13405,0
5780,0
33935,0
27204,1
38166,0
31344,0
38324,0
30302,-1
19646,1
631,1
6129,1
16607,0
9639,0
26990,1
36126,0
11702,0
737,1
37309,0
37020,0
2052,1
38617,0
12015,1
32077,0
334,1
2491,1
39654,0
36422,0
7373,-1
18452,1
14807,1
5305,1
32034,0
39925,0
31153,0
27776,0
5958,1
22829,1
13244,0
9047,0
5287,0
8443,0
44725,0
37899,0
30106,1
13086,0
12572,1
12450,0
8689,0
18817,0
4290,0
12038,0
14334,0
13281,1
33012,0
21691,-1
27995,1
29784,-1
22155,1
2278,0
13613,0
8013,0
393,1
778,1
1480,0
25811,0
9688,1
8375,1
21105,0
19182,1
44483,0
2801,0
16790,1
21989,-1
11748,-1
4481,1
6835,0
36365,0
34282,0
27369,1
5549,0
3494,0
13245,1
7401,1
25638,0
16950,0
42542,0
42334,1
32007,-1
812,0
22018,0
44062,1
6236,1
30897,1
28857,1
16332,0
8119,1
4808,0
14561,1
18483,0
37725,0
43296,-1
33569,-1
5535,0
4173,0
17153,0
2386,0
27348,0
41072,1
26091,0
5707,1
44065,0
38921,0
9224,-1
30584,0
24204,0
5950,-1
182,0
14637,-1
24068,0
33704,-1
6019,0
40773,0
4540,0
106,1
29714,1
13919,-1
29086,1
8869,0
39822,0
43694,0
43123,0
5039,1
36251,0
12810,-1
4576,0
26112,1
9129,1
41917,0
226,0
13475,1
35530,0
34480,0
33873,0
35879,-1
7058,1
27227,1
41012,0
40970,0
21575,0
13512,0
30138,1
26656,1
5165,0
23860,-1
26085,1
18122,1
8859,1
38755,0
6144,1
8352,0
12821,1
22930,1
9288,0
26657,1
31974,0
9989,0
43657,0
5414,0
14393,1
43602,0
1948,1
29536,1
39049,0
42954,0
33731,0
20095,0
27656,0
44539,0
17924,0
31219,0
18887,1
42289,0
14540,0
6992,0
12466,0
13479,0
13851,1
9112,0
43180,0
25116,1
34563,0
7119,1
12262,0
12041,1
74,1
17839,0
20272,1
35940,0
6882,0
14849,1
42984,0
756,1
31784,1
24999,0
26948,-1
36455,0
41903,0
26429,1
20573,-1
22091,0
31830,0
16893,-1
35972,1
31873,0
29895,1
35126,1
10053,1
42550,-1
7053,0
13114,1
18933,0
2934,0
6998,0
2691,-1
8585,0
26451,0
34910,1
39536,0
6466,-1
6879,1
5837,1
30687,0
26427,1
19343,-1
19178,1
20752,1
31351,0
19967,0
9479,0
39474,0
21512,0
23913,1
17647,-1
30365,-1
38283,0
14285,0
31836,0
16513,0
29833,0
32104,0
4772,-1
33010,0
17170,0
31729,0
29569,1
13557,-1
31516,0
27371,1
19687,0
32119,0
31745,0
17586,1
29605,1
43642,1
35659,0
9417,0
71,0
20139,1
30744,0
36277,0
33813,0
32739,1
29795,1
4583,0
6127,1
8778,0
34290,0
43665,0
42798,-1
33229,0
24984,1
2015,1
9531,0
8633,-1
6086,1
4850,-1
28940,1
43621,0
43832,0
26542,1
29171,1
13491,0
28820,0
31294,0
40732,0
9662,1
14509,0
25984,1
34216,0
43572,0
10542,1
20129,1
12984,0
1717,-1
8034,0
31003,0
42387,0
9468,0
14121,0
35471,0
6142,1
32893,0
5923,1
8393,0
38991,0
4871,0
17682,1
36084,0
2383,0
1573,1
39872,1
24874,-1
25408,0
28953,1
13594,1
13657,1
25728,1
735,1
12588,0
12150,0
33854,0
37817,0
4649,1
37568,0
1728,0
12819,0
1878,-1
36469,-1
2528,0
1885,1
34015,0
29964,0
40346,0
3775,1
36475,0
38846,0
8382,0
2174,1
22627,1
42392,0
37330,0
8242,0
9716,0
36088,-1
12320,0
32928,1
43698,0
10675,0
24468,1
3106,0
32737,1
29969,1
41278,0
14508,0
6585,1
15524,-1
8569,0
16796,1
26628,-1
26071,0
32639,0
26856,0
27740,1
9494,-1
28879,0
13841,0
5116,-1
22682,0
8716,0
9023,0
42154,0
12685,1
18334,0
25632,1
29600,1
27202,1
4884,0
2186,0
10791,1
41520,0
21253,0
26968,0
20218,1
43742,0
1869,1
6201,1
13137,1
37092,0
22667,0
245,1
11650,-1
37589,0
5295,1
34376,0
36848,0
13188,1
14195,1
1586,-1
1759,0
3899,0
25404,1
10663,1
38106,0
20270,1
12280,0
7076,1
16482,1
40481,-1
12288,1
4559,0
34526,0
29284,0
1896,1
29919,-1
3209,0
12968,0
9554,-1
36989,0
32429,0
10694,0
21798,1
25002,0
17985,0
26969,1
24046,1
36116,0
32072,1
5940,1
38119,0
26824,1
9735,0
8702,0
26675,1
27191,1
4465,0
3116,0
16437,1
40076,0
31289,0
4459,1
19695,0
12911,1
42405,0
43306,0
19959,0
584,1
37315,0
15326,-1
15354,0
14307,1
27687,1
38965,0
34330,0
10242,-1
403,1
30474,-1
4190,1
5975,1
43871,-1
18467,1
2342,-1
6383,-1
37822,0
44505,0
24879,-1
4776,1
20163,0
25635,1
37910,0
10012,1
35957,-1
38984,0
5239,0
8015,0
10601,1
8517,0
13677,0
30248,-1
24309,0
4158,1
20830,0
13444,1
23392,0
32349,0
1594,0
17632,1
5424,1
5370,0
21823,-1
42889,0
37432,0
44042,0
9303,0
9746,0
3002,1
40657,0
9214,0
6909,0
10493,-1
4495,0
13233,1
10838,0
33281,0
27604,0
11818,0
44609,1
10633,-1
37574,-1
2264,1
40074,0
27249,1
7794,0
5526,0
496,0
22810,0
24962,0
39972,0
43560,-1
34503,-1
37093,1
1968,1
31810,0
26570,0
30276,1
42335,0
178,1
21956,0
7057,-1
2841,0
8351,-1
4366,0
32717,0
2659,0
26501,0
20729,1
40995,0
32660,0
28886,1
37706,0
14658,0
6993,0
5444,-1
22975,1
20703,-1
36329,0
4028,1
41471,1
4654,1
10665,0
38243,0
7153,0
36347,0
4077,1
7020,0
5516,0
40033,0
9274,1
38328,0
22949,1
2592,0
39958,0
42874,0
10199,0
36147,0
30261,1
11734,1
17731,0
30792,0
3726,0
26306,0
31394,-1
13105,1
32712,0
9914,1
25600,1
18154,1
42839,0
154,1
31511,0
23635,1
31415,-1
4162,1
29545,1
7514,0
14737,0
20392,1
42266,0
3887,1
4321,1
10688,0
9467,1
34224,0
26900,0
21981,0
25888,1
251,1
20416,0
684,1
11559,0
6886,0
17837,0
32810,0
31930,0
22661,1
12245,1
1666,1
25419,0
2831,0
21841,0
24286,1
20257,-1
13536,0
43623,0
19188,0
40109,0
26688,1
5856,1
9073,0
44559,0
28943,-1
12547,1
30472,-1
16558,0
1755,1
5015,1
40327,0
34368,-1
33248,0
5208,0
27547,0
25833,0
26100,1
28486,1
43014,0
38548,0
26673,1
8023,0
14955,-1
44583,0
16922,0
29752,-1
40886,0
12361,1
26867,1
16956,-1
14699,0
22154,0
1474,1
25548,1
10078,0
335,1
9677,1
40050,0
37796,0
31206,1
34666,0
22081,0
17123,1
5210,0
4272,-1
26140,1
29376,-1
31782,0
43811,0
3178,1
3768,0
19988,0
14303,1
37462,0
6381,0
5216,0
4152,1
42368,1
31758,0
31735,0
30840,1
8530,1
30655,0
39775,0
19946,0
41194,0
27516,0
752,1
38239,0
21369,0
31419,0
8789,0
612,0
9821,1
105,1
16876,1
33405,0
38858,0
24923,1
42303,0
16856,0
12700,0
3107,0
30546,1
30200,0
43661,0
10704,0
34100,0
30599,1
14751,0
12558,0
1605,0
15410,0
28535,1
39859,0
27118,1
23539,1
5870,0
290,1
33582,-1
22087,0
34654,0
30388,0
26937,1
21114,0
31188,0
43027,0
35038,0
20952,0
30948,0
15271,0
26654,1
36093,0
9169,0
6253,1
27515,1
4973,1
33169,0
38887,0
44190,0
42780,1
10139,0
28429,0
8731,0
39252,0
39943,0
23500,1
1562,1
37152,0
26029,1
21899,0
19108,0
37006,0
17050,1
34994,1
599,1
252,1
6079,1
43817,0
34388,0
17221,0
12275,1
27277,1
12688,0
32586,0
2107,-1
31043,0
18238,0
11992,1
30279,0
43313,0
43605,0
40753,0
41456,1
25312,0
31029,1
42999,0
41633,1
15244,1
22108,1
23162,0
5483,1
35958,0
9314,1
33374,0
36447,0
44496,0
20300,0
28841,1
1796,0
37652,1
38986,0
13825,1
43264,0
43821,0
1606,1
26982,1
9837,1
7398,0
541,1
27176,1
26349,0
3545,1
26751,1
39579,0
2487,1
24865,1
43344,0
3025,0
6836,1
40340,0
34671,0
2226,1
14618,0
6547,0
10207,0
5842,-1
13946,1
36843,0
8781,0
22815,1
23443,0
8010,1
14036,0
6024,1
18638,1
18175,1
25720,1
6217,1
325,1
16491,-1
27770,1
37166,0
13282,1
29993,0
26469,1
1712,1
24965,0
6979,0
13520,1
34281,0
13892,1
8467,0
37171,0
18977,0
7185,0
15348,1
44471,0
37450,0
26214,1
27613,1
30463,0
44487,0
14332,1
33819,0
42606,0
222,0
6097,1
13776,1
1861,0
26111,1
37208,0
13163,1
12289,1
809,0
20019,1
34036,0
17733,1
20700,0
15353,0
24483,1
4823,0
29757,0
12199,1
14326,1
32560,0
38854,0
310,1
10682,0
25567,0
14187,1
17118,0
5656,0
29597,0
24712,-1
27248,0
17173,-1
33209,0
16595,0
22142,0
8534,0
28647,-1
8267,-1
15136,0
1751,1
202,1
42053,0
19110,1
34187,0
24835,0
14142,0
8745,0
2705,1
14667,1
14358,-1
6917,1
20647,0
10666,0
14422,0
39784,-1
1461,0
30686,1
31534,0
34443,0
5960,1
9096,0
22702,0
13258,1
38856,0
39368,0
15179,1
10777,1
31361,1
28,1
31048,0
7054,-1
35638,-1
13872,-1
9886,0
18274,0
27957,1
10150,-1
24514,1
42523,0
800,-1
18454,0
22867,1
24952,1
14799,1
16793,1
5903,1
26145,1
31036,0
41140,0
10563,1
10405,0
23093,0
8940,0
20574,1
9940,-1
14051,-1
19977,1
14817,1
25891,-1
26065,0
1716,1
15430,0
26894,0
4533,1
10865,1
43684,0
19039,-1
31066,0
15559,1
43361,0
8424,1
25559,1
39916,1
34314,0
38753,0
14708,1
28011,1
24505,1
43141,-1
21879,0
19149,0
30954,0
29548,0
11534,0
26019,0
13263,0
38066,0
7507,1
36259,0
14024,0
18916,0
24,1
9415,0
16709,0
4189,1
4294,1
19367,1
12396,0
12410,1
31980,1
18491,0
3548,0
29739,-1
40529,0
2742,0
17609,-1
43134,0
30218,-1
26338,1
2458,1
37673,0
37544,0
27241,0
29983,0
19740,0
24022,1
37109,0
1607,1
16989,1
35888,0
39580,0
13860,0
8921,0
15440,1
36436,0
39552,0
38225,0
36959,0
12919,0
42531,-1
25525,1
5057,0
15163,0
41014,0
9190,0
13791,0
44034,0
9708,0
7975,-1
37928,0
6531,0
8222,0
15003,0
6431,1
14421,1
12294,0
11940,1
41578,0
23080,0
34250,0
27188,1
16654,1
32765,0
29263,0
36622,0
4886,1
19267,-1
38988,0
18132,1
9466,0
12372,1
36291,0
24371,0
43681,0
28692,1
37765,-1
37743,0
29377,0
37421,1
31459,0
1946,0
12820,1
3048,-1
26813,0
17093,1
39899,0
23351,1
43234,-1
39036,0
17055,0
42747,-1
9723,1
8067,1
42589,-1
31195,0
16439,1
43920,0
14154,1
33776,0
24489,0
41061,0
28047,0
39560,0
16967,0
11831,0
37840,0
26163,1
14636,1
23003,0
25629,1
30011,0
9344,-1
13216,1
24154,1
38158,0
38653,0
12443,0
545,1
23838,1
16823,-1
8020,0
20829,1
7141,0
44494,0
2008,1
11785,0
14528,1
5995,1
24041,0
30940,0
15291,1
34196,0
20181,1
41150,0
12049,1
13517,0
35586,0
2456,0
28889,0
38556,0
42754,-1
42414,0
8649,0
2187,0
36388,0
32074,1
31072,0
13302,0
21095,0
9609,0
13087,1
16583,1
4390,1
22790,1
42916,0
5377,0
26670,1
29956,1
37376,0
29581,1
25413,0
9122,0
37678,0
27811,1
43353,0
1567,1
35520,0
38340,0
7110,1
9957,1
1478,0
37328,0
39060,0
18428,0
38910,1
35666,0
15042,-1
16613,0
10481,0
2384,0
699,0
20282,1
26011,1
17024,0
35960,-1
20025,0
8419,0
35644,0
6848,0
33549,0
17674,1
30866,1
23639,0
389,0
12045,0
43672,0
10393,0
30154,-1
43038,0
43162,0
12403,1
575,1
29618,1
2263,1
5740,1
44529,0
33195,0
3269,0
29380,0
41547,0
4751,0
30251,0
3911,0
29583,0
9517,0
25186,0
34578,0
8421,0
37723,0
13615,1
27588,0
42898,0
40269,0
34933,0
38992,0
14858,1
42258,0
40922,0
10599,1
2583,0
41065,0
8295,0
2046,1
33992,0
37053,0
27859,0
6182,1
36856,0
26418,1
26423,0
4873,1
5437,0
12188,0
25468,0
33338,0
29580,-1
21019,0
2359,1
30550,1
28661,1
28421,1
4346,1
17251,1
3131,0
10731,0
27813,0
37425,0
18655,0
6970,0
8790,0
759,-1
9492,-1
3141,0
11839,-1
23173,0
4764,1
30552,1
23921,1
5459,0
39662,1
29599,1
19237,-1
9593,0
13988,0
27548,1
18173,0
37317,0
254,0
13895,-1
5521,0
26694,1
21020,-1
20385,1
31287,0
5944,1
10332,0
32986,0
25790,1
42871,1
2190,1
29456,0
8208,0
37992,-1
31867,0
43675,0
42713,0
37226,0
26373,1
17607,0
29197,1
13283,0
14233,1
35585,0
21394,0
33945,0
9283,0
21715,0
27292,0
30590,1
39538,-1
25180,0
12231,1
8643,0
14883,0
4974,1
27231,1
17098,1
35909,0
11339,0
12930,0
2515,0
4138,-1
30043,1
6896,1
10565,1
15135,-1
36491,0
16719,1
29177,0
44026,0
29575,-1
24626,0
8857,0
31474,0
32258,1
31908,0
20533,0
23726,1
10114,-1
15414,-1
26017,1
328,0
9329,0
39106,0
24875,0
8934,0
40424,-1
39874,0
25665,1
4760,0
14412,0
39082,0
27853,1
20058,0
19834,0
2213,0
11529,1
12357,1
13777,-1
39951,0
41787,0
37940,0
8463,1
13724,0
23044,0
23047,1
17272,-1
7145,0
14007,1
24341,1
38822,0
6770,0
383,1
20002,0
17061,-1
14607,0
19410,-1
26902,1
42921,0
37096,0
36614,1
23656,1
40989,1
19656,1
21730,0
10556,1
3263,1
13464,1
43154,0
9362,0
29187,1
13134,-1
12358,0
40306,0
17076,1
29838,0
42661,-1
5146,0
2145,0
38785,0
1692,0
12418,1
1933,1
41421,0
27821,0
30256,0
9851,1
40566,0
29485,0
30267,-1
30481,0
35627,0
311,1
31783,0
33661,0
13588,0
16983,1
44073,0
4752,0
32651,0
40912,0
38716,0
5562,0
6777,-1
4643,0
38635,0
14840,1
5596,1
43980,0
25768,0
1873,1
34683,0
17249,0
827,1
43200,-1
28464,0
33680,0
27960,0
13532,0
8887,0
36431,0
8309,1
8547,0
18637,1
40086,0
27240,0
15407,0
20609,1
25433,-1
30406,-1
14950,0
26995,1
12013,0
23112,1
43453,0
12192,0
29183,0
27342,1
23745,1
30478,0
4235,0
27237,0
9175,0
26779,1
4535,-1
37516,0
5130,0
3091,0
33852,0
24520,1
19385,0
3566,0
5847,0
1714,1
29277,1
9436,0
37074,0
5594,1
41263,0
16422,0
34948,0
9675,0
29879,0
14179,1
37467,0
34104,0
2916,0
1835,1
34075,0
1602,1
32006,-1
4273,1
4336,0
43304,0
12862,0
5433,0
38036,0
42967,0
33441,0
7013,0
10479,-1
20209,0
2106,-1
16695,1
30220,-1
29698,1
42801,-1
43906,0
13190,0
595,1
37489,0
33625,0
18618,1
23365,1
20245,-1
30861,1
5504,0
29902,1
5920,1
10361,1
12103,0
4691,0
4255,0
38779,0
34126,-1
5716,0
10285,1
37720,0
12847,-1
6264,0
6257,0
42904,0
13884,1
25890,1
4099,-1
27737,1
6263,1
13095,1
43983,1
115,0
27020,0
14099,1
12958,0
15262,1
21143,0
37155,0
16944,0
31722,1
30774,-1
10854,1
16635,1
39983,0
37393,0
32124,0
13642,0
37017,0
20706,-1
30063,1
2517,1
21233,0
16772,1
14032,0
38148,-1
8560,1
15570,1
11954,1
19229,-1
5069,-1
16221,0
41654,0
39196,0
10031,1
37752,0
2312,0
22066,1
5402,-1
41924,0
44488,0
6039,1
29762,-1
32980,0
29883,1
8402,0
31176,0
30386,0
36516,0
30066,1
29242,1
12765,1
24226,0
33342,0
16645,1
11773,0
9381,0
15390,0
24540,0
31639,1
24612,0
29798,1
1574,1
29176,1
21892,0
32285,0
43653,0
31805,0
35439,0
14392,0
10051,0
37675,0
19789,1
37164,0
9841,1
12195,-1
34670,0
41145,0
28891,0
38681,0
28367,1
24538,1
10870,1
39553,0
36930,0
12647,0
5636,1
3558,-1
562,1
15558,1
25950,1
9969,1
38178,0
21678,0
26405,1
27823,0
14134,0
20296,-1
10265,1
39672,0
12099,0
7075,1
42493,0
37365,-1
15554,0
28079,1
43683,1
6064,-1
32714,-1
27634,1
2337,0
27291,1
13073,1
30826,1
40158,0
31025,-1
38,0
31444,0
25690,0
37789,0
35564,0
5046,0
25127,0
41052,0
31156,0
43392,0
24663,-1
24581,0
37630,1
29511,1
5998,1
3110,1
24823,0
40365,0
37957,1
26636,0
15024,-1
9697,1
13142,1
6724,0
38327,0
44187,0
17017,0
31480,1
26582,1
12622,0
25739,0
10534,-1
21033,0
2142,0
22918,1
1847,1
15371,0
44175,0
2607,1
38323,0
24705,1
30658,0
36429,0
35138,0
39897,0
20284,1
39711,0
38122,0
4143,0
7120,0
10163,1
24075,0
27937,0
32904,0
25644,1
30177,0
41783,0
43324,0
43478,0
10723,1
6745,0
20460,1
6227,1
6565,0
9684,0
12309,0
40371,0
494,1
3038,0
22989,0
11817,0
32366,0
13023,1
16592,0
40313,0
33170,0
29790,1
10233,0
30090,0
35575,0
2027,1
33471,0
40441,0
7018,1
25898,1
16677,1
13316,0
4356,0
40034,0
43608,0
8055,1
44459,0
23761,1
8042,0
42052,0
36954,0
36859,0
16872,1
2265,0
29502,1
17928,0
16978,1
23934,1
25637,0
38285,0
17633,1
40993,1
10837,1
24271,1
15167,1
9432,-1
31731,1
16849,1
39054,0
21821,-1
14172,1
35654,0
38843,0
5136,1
26563,1
1593,1
32101,0
18163,0
15495,0
5699,1
3126,0
1707,1
37026,0
16369,0
30523,0
16716,0
16737,1
22110,0
20063,0
13932,1
2735,0
6200,1
14095,0
24053,1
26764,1
34241,0
40675,0
3902,0
12730,1
41124,0
37355,0
39605,0
16827,-1
9653,1
37055,0
7028,1
9301,1
14304,0
1817,0
15465,0
30961,0
7116,1
39655,0
40133,0
22010,1
32202,1
35075,0
20029,1
38260,0
12469,-1
338,1
24826,1
41554,0
9935,1
35999,0
9089,1
32046,0
3913,1
33390,0
29394,-1
13688,1
12040,0
33303,0
39809,0
9651,1
5676,1
42251,0
9813,1
5575,0
27408,1
17979,0
23354,-1
27133,-1
14819,1
20404,0
40480,-1
26205,1
27902,1
5518,1
39789,1
17291,0
32622,0
43834,0
22760,1
10381,1
26192,0
34539,0
1863,0
28627,1
25464,0
37643,1
13853,0
28600,1
41536,0
2701,0
30509,1
24373,1
14443,1
35919,0
15319,0
31540,0
2521,0
27418,1
43593,0
19411,1
20152,1
40161,0
16672,1
20047,0
43116,1
35152,1
16384,1
2605,0
12614,1
2486,0
28218,1
14524,1
24133,0
36985,0
32679,0
24388,-1
22120,0
5268,0
16707,-1
36637,0
17066,0
19168,1
40200,0
9902,-1
26256,1
34996,0
602,1
37496,1
37058,0
31134,0
6252,1
36877,0
10185,0
20374,-1
42928,0
38132,1
41652,0
38682,0
30626,0
42232,1
42573,0
27350,1
42362,0
18336,1
25024,0
8245,1
14344,1
32081,1
19261,0
29296,0
26360,0
17245,1
4796,1
9967,0
41051,0
41398,0
32507,0
26129,0
27409,1
10120,-1
28830,1
41807,0
42229,0
5989,1
30310,1
5321,0
5012,1
15272,0
4208,1
25365,-1
8582,0
6402,1
18699,0
5597,1
31371,0
43122,0
37906,-1
23515,0
13132,1
9519,1
12999,1
9324,-1
18458,0
4165,1
21356,0
16783,1
27334,1
19313,0
498,0
8976,0
4443,1
9161,0
10335,0
11639,0
36897,1
5366,1
16897,0
1487,1
35589,0
34020,0
9610,1
33093,0
836,0
33770,0
26050,1
30441,1
32328,1
9054,1
23617,1
12400,0
21673,-1
14371,1
13229,1
29135,1
41962,0
34064,-1
13921,1
26559,1
22707,1
15557,0
32759,1
1854,-1
26415,1
42382,0
29859,-1
32079,1
36393,0
27647,0
8984,0
41751,-1
24037,0
22067,1
13741,0
16854,1
36553,0
1629,1
15336,-1
9646,-1
19364,0
36927,0
39878,0
4825,0
21117,0
25788,0
38318,0
8919,0
10378,0
8261,0
20036,0
21655,1
9189,0
40036,0
39532,0
23092,1
13335,1
28384,1
6793,-1
8672,0
25907,1
35499,0
9052,1
44453,0
26621,0
14750,0
36712,-1
41097,0
22733,-1
19954,0
25301,1
43161,0
5388,0
24609,-1
29962,-1
17060,0
35669,0
624,0
26669,1
35479,0
44689,0
1855,0
12392,0
26159,0
12360,1
39973,0
14775,1
9681,-1
4025,0
13115,0
15220,0
10440,1
26040,1
6029,1
8273,0
33466,0
27804,1
20060,1
29440,1
25915,0
31669,0
31684,0
1867,1
4072,0
42339,0
27376,0
41801,0
1914,0
21468,1
12753,1
2470,1
17377,0
31115,0
36047,0
32178,0
34507,0
26033,0
6351,1
5161,0
17036,1
9808,1
798,0
42401,0
23544,1
19084,1
33917,0
19266,1
29849,1
29279,0
9088,0
24955,1
25248,0
39832,0
38015,0
43629,0
29707,-1
20610,1
8555,0
23650,1
51,0
10029,1
5532,0
138,1
10147,0
28640,1
4029,1
33061,0
4798,1
617,1
37321,0
26174,1
20530,0
42650,0
34362,0
33772,0
3579,1
9562,1
34673,0
4597,0
4975,1
39175,0
35653,0
29344,0
41292,0
34041,-1
43363,1
5718,1
19415,0
8885,0
21948,0
42342,0
26226,1
42953,0
13301,0
8191,0
24769,0
31159,0
5729,1
37041,0
5974,1
28557,0
6215,1
16799,1
598,1
31122,0
37190,0
31291,0
44188,0
32402,0
8840,0
26623,0
38467,0
2072,0
18828,1
6028,1
31497,0
5105,1
15550,0
37143,0
21756,0
6829,0
12102,1
29658,0
27059,1
732,1
534,0
21799,0
4026,1
26772,0
37069,0
34159,0
7539,1
36474,0
37013,0
19278,1
17037,1
37930,0
15448,1
691,1
39903,0
9807,1
19282,0
24836,0
12225,1
36188,0
15530,-1
2610,0
9460,0
6930,1
9109,0
31624,0
76,1
43934,0
14769,1
32889,0
4119,1
30374,-1
20720,0
8648,0
2996,0
5171,0
25328,0
13731,1
10255,1
30776,1
23676,1
40187,0
1747,1
22026,-1
42885,0
12825,1
2219,0
34972,0
39868,0
7982,0
8612,0
25555,1
17467,0
41088,0
34364,0
30249,-1
13109,1
4475,1
8349,0
4615,1
18825,0
377,0
23846,1
42502,-1
22153,0
3036,-1
38326,0
12220,0
16742,1
21733,1
6176,1
28070,1
5230,0
39962,0
27315,0
43972,0
34396,0
30397,0
6847,1
11655,1
42615,-1
35985,0
9993,1
8533,0
24577,0
41212,1
42463,-1
6175,1
14109,0
31759,0
6020,1
9669,1
10793,1
39055,0
25712,1
20600,0
33833,0
13042,1
12059,1
4630,0
39657,0
14762,0
38330,-1
12339,1
26664,1
14627,0
5522,1
22700,1
25220,-1
42810,0
43351,0
9939,-1
27735,0
17857,1
3594,-1
27764,1
44262,0
43891,0
22493,0
30943,0
42274,0
542,0
39829,0
31464,0
1887,1
147,0
26117,1
2888,0
9570,1
41134,0
13020,0
43429,0
25200,1
20204,1
36512,0
16800,0
3771,0
14476,-1
26690,1
42567,0
52,1
10342,-1
38349,0
36662,0
40513,0
4186,0
11672,1
19283,0
25662,1
2399,1
18873,1
35039,0
41028,0
43178,0
4113,1
17235,1
43949,0
36085,0
17873,-1
5631,1
41273,0
25132,0
19587,1
12353,1
33502,0
19512,1
4455,0
2734,-1
26939,1
26273,1
13340,1
38004,0
41761,0
32155,0
16492,0
21873,0
3988,0
14352,1
16353,1
16780,0
18919,0
6048,1
13036,0
33057,0
13417,0
10331,1
5324,1
40295,0
38236,0
15525,0
11950,0
13303,1
19317,0
14490,1
14893,0
36749,0
2827,1
42485,-1
4058,1
24006,1
30139,0
15434,-1
39781,0
38054,0
31831,0
5696,0
4408,1
17896,1
36557,0
39020,1
12215,0
1971,0
27450,1
5997,1
10037,0
19508,1
33793,0
24055,1
2556,0
13028,1
32675,0
41781,0
41569,0
30283,1
15055,0
24958,0
6762,0
1689,1
6432,0
36515,0
26227,1
36187,0
13985,1
36618,0
40370,0
4103,1
34508,0
29948,-1
21857,1
20401,0
6220,0
31686,0
38917,0
23357,1
25586,0
20038,-1
6685,1
14835,1
42693,0
14211,1
4594,1
5199,0
43599,0
20277,1
18496,1
10005,0
42245,0
36082,0
9396,0
41128,0
43627,0
32137,-1
1983,0
6869,0
20711,1
44324,0
16517,1
1888,0
5930,1
5771,0
3051,-1
33706,0
25677,1
33681,0
31842,0
44439,0
17016,1
13185,1
21277,0
42350,0
5049,0
14041,1
37949,0
18826,0
30308,-1
8422,0
28951,1
34584,0
27492,0
21952,1
5041,0
5158,0
31398,0
27400,0
14141,0
20389,0
29249,0
42987,0
8814,0
31329,0
13752,0
12151,1
2448,0
25394,1
13394,0
42644,0
510,1
3138,1
4856,0
40409,0
5127,1
27725,1
38217,0
29650,0
8558,0
42460,-1
42256,0
24312,1
33108,0
5320,1
5460,0
8636,-1
4852,1
29559,1
31217,0
43905,0
18697,1
6197,1
14372,0
11738,1
39068,0
31207,-1
34038,0
13376,0
5482,0
7964,0
18696,1
9960,1
32294,0
4388,1
4689,-1
603,1
1958,-1
2415,0
4844,1
23352,1
30466,0
8915,0
11732,1
27619,1
24886,1
23925,0
40944,0
38974,0
36626,0
9272,1
31496,0
22100,0
30092,0
41768,0
26749,0
3804,0
24635,0
27401,1
32103,0
25619,1
23806,0
9636,0
275,-1
13004,0
4334,1
21868,1
9403,-1
24551,0
10465,-1
2773,1
9644,0
37339,1
2633,1
3776,0
22048,0
23856,1
41580,0
43167,0
30800,-1
19097,-1
6091,1
34127,0
32044,0
7462,-1
41626,0
9567,0
15562,1
13880,1
3186,1
19576,1
43558,0
19294,1
16810,1
39681,0
5432,0
9523,1
2865,0
21212,0
42406,0
24137,0
4479,0
25450,0
13582,0
10134,0
43626,0
16650,0
4054,1
36924,0
25679,1
23049,1
23434,0
14703,1
5866,-1
20835,0
26257,1
30933,0
31769,1
4981,0
6137,1
25065,0
22689,1
6697,0
35952,0
14698,1
10304,1
23626,1
2272,1
30993,-1
4159,1
13911,-1
31885,0
38241,0
9027,0
36904,0
12100,0
34522,0
42632,-1
42318,0
25723,1
14515,0
37703,0
9693,-1
25234,0
44,0
5534,0
10660,-1
19936,1
41973,0
39648,0
11612,1
31349,1
13563,0
38125,1
24013,0
6985,-1
3286,0
36468,0
32129,0
5792,-1
42642,0
5398,0
42328,0
6153,1
28110,0
2314,-1
41095,0
6061,0
39971,0
14291,1
29722,1
31340,0
37391,0
32637,0
36363,0
490,0
40652,0
14409,1
39770,0
14844,1
10505,0
13311,-1
30574,1
19105,0
21074,1
27906,0
24869,0
6062,0
34955,0
26400,1
25937,1
30168,0
33111,0
18735,0
24660,0
16863,0
29533,1
81,1
37918,0
26249,1
15202,0
26872,0
40343,1
27213,0
26510,1
12832,1
14542,1
4193,1
13981,0
26585,1
10328,1
6030,1
9343,0
27255,0
28078,1
4170,1
4253,0
2381,1
27888,0
18833,0
8742,-1
36489,0
23668,0
37498,0
6279,1
21104,-1
5808,1
24930,1
5899,0
42344,0
675,0
17000,1
30480,-1
37416,1
1673,1
25455,0
7485,0
2911,0
35904,0
3727,0
14632,1
41060,0
31630,0
4178,1
37757,0
24413,1
26925,0
23533,0
23123,1
29693,1
2404,1
34312,0
2603,0
17029,1
20782,1
9747,0
6990,1
33320,0
38267,0
33064,0
22059,1
4192,0
38269,0
39811,-1
11719,0
10746,0
8206,0
14010,0
40509,1
9702,0
3809,1
25908,0
18804,1
4386,1
14497,1
29289,0
17634,0
30045,1
10678,1
13101,0
28247,0
5708,0
41952,0
4628,1
33393,0
36144,0
26403,0
40805,0
8532,0
7946,1
13170,1
686,1
768,1
34909,1
19984,1
32741,1
19259,-1
27000,1
22807,0
16970,1
5363,0
18547,1
30408,0
14874,1
17734,1
9668,1
29431,1
26408,1
26980,1
27413,0
13206,0
25755,0
36957,0
5472,0
10760,0
43417,0
27878,0
10803,1
18831,-1
26293,1
16659,0
37835,0
44354,-1
10308,0
22035,0
41782,0
43274,0
18876,0
12370,0
14979,0
19628,1
10819,1
22716,1
35883,0
32872,0
9598,1
3012,1
6976,0
492,1
19102,1
8413,0
8110,0
2612,1
17400,0
9887,0
13812,1
26698,0
8444,0
36718,0
9758,1
12269,1
28834,0
588,1
36490,0
37305,0
38881,0
13158,1
40614,0
43447,0
12718,0
9836,0
30592,0
41571,0
10707,0
8316,0
6374,1
17283,-1
29888,0
12301,1
30142,0
31276,0
38914,0
44578,0
43630,-1
11842,0
10461,-1
37656,-1
39687,0
43176,0
14379,0
40561,0
23724,1
13716,-1
14435,1
18438,-1
14073,1
33021,0
27317,0
9123,0
41577,0
9730,-1
37986,0
32835,0
6161,1
29638,1
19244,-1
36399,0
30208,0
5076,0
6833,1
19175,-1
21629,0
16959,0
797,1
16756,1
33132,0
23462,1
33550,0
4183,0
5338,0
36223,0
9869,1
9439,1
33746,0
27751,0
11567,-1
6948,0
29746,0
639,0
16765,1
31149,0
33828,0
35662,1
2813,1
30235,-1
30269,1
18995,0
38022,0
17499,0
12190,1
33839,0
294,0
1531,-1
13315,0
23660,1
31878,0
33842,0
27443,1
23716,1
38500,0
31928,0
31364,0
29872,1
42535,0
10098,1
37388,0
26808,1
43,1
39907,-1
18590,1
30801,0
12554,0
13933,1
6422,1
3211,0
31251,0
12831,1
7055,0
12759,0
34148,0
5688,1
8237,0
8989,0
31545,0
33668,0
40085,0
20361,0
37848,1
31463,-1
3802,0
77,0
38131,0
31625,0
43217,0
9297,0
8247,0
43570,1
30253,1
361,1
28823,1
10083,0
9240,0
8251,0
24521,0
32376,0
22797,0
16681,0
29196,0
5733,0
42585,0
26901,1
26631,-1
8283,1
39543,0
5075,0
42515,0
22123,0
27037,1
31858,1
38097,1
11782,0
10789,0
42678,0
15546,0
29857,0
26598,1
31186,0
19574,1
42771,0
38757,0
9641,-1
21807,-1
43820,0
14348,1
3763,1
20411,1
30037,-1
37299,1
13570,0
12892,0
5267,-1
2068,1
13337,1
12066,0
23721,1
10482,1
38878,0
30492,1
41794,1
13488,1
12484,0
33133,0
33914,0
25695,1
1563,-1
10568,0
97,1
27115,0
8506,0
30297,-1
19388,1
16139,1
59,1
8454,1
37502,0
2358,1
5977,0
31058,0
32799,0
9105,1
14105,1
20444,0
14534,0
582,1
5167,-1
16916,0
13173,0
42465,-1
43704,0
2512,0
40444,1
9228,1
2132,0
26599,1
4319,0
33586,-1
37892,0
32316,0
5231,0
35906,0
18041,1
4070,0
36890,-1
41556,0
1764,0
16753,0
4701,1
42500,-1
29378,0
29813,0
856,-1
35977,0
9954,0
18948,0
16838,1
16574,1
30141,0
26485,1
18015,0
12798,0
6499,-1
2624,0
12123,1
8703,0
40,1
670,1
11970,1
24906,0
37267,0
25993,0
17983,0
35117,0
15010,1
30038,1
5830,1
34298,0
20626,0
9462,0
33027,0
26431,1
9079,0
16930,1
21978,1
40121,0
19742,1
8045,-1
9776,0
6203,1
37326,0
7102,1
6202,1
33894,0
5301,-1
2718,0
9740,-1
15241,0
26125,1
804,1
259,0
14047,1
28904,0
3225,-1
12463,1
12712,1
4887,1
12306,1
15535,1
3964,1
35208,0
25238,1
26907,0
10294,0
4872,1
37517,0
42919,0
2200,0
37356,0
18603,1
34505,0
10626,0
42025,0
44721,0
382,0
21710,0
13150,0
10668,1
7121,1
19078,1
34255,0
30395,0
28601,-1
42532,0
16193,0
5664,0
37312,0
26962,0
15381,1
5816,0
18915,0
36547,0
31210,0
4436,-1
27285,0
3924,1
8036,1
10764,0
35483,0
40471,0
19626,1
20366,1
204,0
5501,1
5709,0
10498,1
10645,1
14166,1
43157,0
14609,1
41118,1
43299,0
39807,0
25435,1
6935,0
18237,0
2247,1
9736,-1
17074,0
39599,0
37705,0
22052,0
1754,1
37367,1
4311,1
12087,1
40688,0
32858,0
23814,1
16528,0
622,1
655,0
16958,0
28266,1
33782,0
6404,1
29412,0
37386,1
27243,0
5222,0
43173,1
24523,0
33946,0
30360,-1
41040,0
8061,1
36928,0
36335,0
18689,0
21675,0
8303,0
28585,1
4254,0
838,1
725,1
37623,-1
19935,1
14198,0
3398,0
2762,0
24320,0
26686,0
17261,1
179,0
9875,1
13805,-1
14133,0
33223,0
25298,1
18860,1
37509,-1
39500,1
16421,0
40223,0
29671,-1
8721,0
20092,1
31000,0
32614,0
13074,1
14192,1
38626,0
5073,0
6471,0
14230,0
4478,0
10625,1
26289,0
30538,1
27091,1
9487,1
4112,0
6092,1
22065,-1
35910,-1
2151,1
39262,0
38876,0
29954,1
26495,1
7303,0
626,1
9093,0
10400,0
6050,1
40439,0
20112,1
9334,0
7585,1
4590,0
14779,1
2776,1
4916,0
33624,0
13195,1
28076,1
17025,0
27844,1
29275,1
25051,1
2268,0
26062,1
38093,0
16997,1
8838,0
5834,0
41082,0
15468,0
30527,1
18566,1
42538,0
11635,1
4142,1
41671,1
8180,0
32635,0
32621,0
35177,1
6397,0
24498,-1
31605,0
6074,1
28232,1
27890,1
11816,0
6155,1
26693,0
2173,1
9116,0
35997,0
43594,0
13402,0
42857,0
13125,1
27918,1
21472,0
37507,0
7945,1
4093,1
37582,0
41008,0
27123,1
40456,0
9132,0
5453,0
43974,0
37474,1
16442,0
15058,1
20191,1
31915,0
24058,1
15002,0
12678,0
27873,0
27881,1
30555,0
37144,0
27151,-1
33299,0
16357,0
21763,1
39901,-1
19197,0
5009,-1
12970,0
30837,0
24047,1
15370,1
29904,0
20308,0
29763,-1
17137,1
37278,0
43095,0
5340,1
42975,0
28866,0
17149,-1
8773,0
216,1
14896,0
35920,0
2908,0
21593,0
33225,0
8371,1
23868,1
37954,0
6032,0
20673,0
35731,0
24926,0
34532,0
29352,0
26208,1
37937,0
10741,1
8432,0
32693,0
12513,0
38638,0
42300,0
7082,1
18385,0
27472,1
42884,0
23136,0
39877,0
30087,0
31770,0
32683,0
25398,1
26326,1
16641,1
27379,1
9520,0
12496,-1
26390,1
14316,1
34303,0
43336,0
34468,0
33816,0
16913,1
25952,1
39865,0
2779,0
2344,1
10603,0
2379,-1
4217,1
13709,0
34356,0
8094,1
31693,0
31396,-1
40735,0
9777,1
20225,1
25969,1
6457,0
40373,0
10607,1
36,1
43898,0
14854,1
25142,1
24508,-1
35495,0
37323,1
29353,1
20741,0
12813,1
25539,0
43711,-1
37101,0
43072,0
5941,1
35948,0
32789,-1
32900,0
35660,0
726,0
4542,1
21926,0
20091,1
16587,0
24680,0
8365,0
16632,0
2585,0
7214,1
17753,0
25519,1
13299,0
20148,0
21517,0
1653,1
39804,0
1959,1
13326,0
37958,1
37209,-1
17689,1
12750,0
41089,0
736,1
17175,1
30059,-1
8223,0
25823,1
7123,0
21903,0
2064,0
11976,0
21843,0
12147,0
16831,0
13452,-1
14256,1
40455,0
5720,0
30885,1
36049,0
11995,0
6053,1
26836,1
29738,0
31841,0
32666,0
2861,1
29231,1
8468,0
8844,0
16339,0
2189,0
381,1
40470,0
12019,1
6157,1
433,1
4242,0
41092,0
9306,0
14229,1
42765,0
23055,0
44015,-1
29123,1
21864,0
21175,-1
15413,0
19263,0
710,1
16417,-1
43944,0
18778,1
44524,0
571,0
25169,-1
29865,1
13414,1
13294,1
28031,1
12441,1
30906,0
17642,1
5713,1
12619,0
10317,-1
29067,1
29767,-1
16604,0
10708,0
20957,0
25489,1
33928,0
12170,1
28941,-1
34176,0
25751,0
33834,0
512,0
10300,1
31391,0
14861,0
33673,0
35107,0
10419,-1
30593,0
29794,1
12578,0
8833,-1
35593,0
30246,1
38069,0
37061,-1
4419,1
9443,0
24552,0
10288,0
27907,-1
38526,0
9872,0
9163,0
422,0
12412,1
32011,1
26590,0
16664,0
8550,0
18794,1
34414,0
32895,0
16932,0
44458,0
35671,0
42990,0
446,0
20249,-1
25835,0
41113,0
32845,0
13523,0
8596,0
12167,1
27346,1
43124,0
29653,1
5177,0
40045,0
41276,0
42268,0
8644,0
13056,1
32332,0
26457,0
43317,0
38038,0
35207,0
42608,1
1995,0
27045,0
37636,0
14059,1
24761,0
169,1
27338,0
29716,1
6919,1
767,1
24467,1
23536,1
41021,0
43863,0
4573,0
28407,1
25462,0
19418,1
42969,0
27679,0
482,1
659,0
33491,0
30188,1
9529,0
9001,0
16899,1
6412,1
388,-1
35631,0
38108,0
35670,0
37682,0
26168,1
5913,1
3884,0
2287,1
30384,1
2468,0
25808,0
43305,0
37066,1
30412,0
4202,1
37437,0
5281,0
16586,1
18443,1
2690,0
5425,1
1657,-1
12577,0
6949,1
26890,1
14770,1
26574,0
25913,1
13564,1
26126,0
21758,0
37404,0
27455,1
10703,1
26871,1
239,1
14368,1
14377,1
25688,0
19651,0
39603,0
14562,1
33785,0
25920,0
32497,0
524,1
25709,0
38728,0
36669,0
34934,1
31248,0
38101,-1
12737,0
4282,1
9100,0
39326,0
3571,1
8752,-1
32726,1
16729,0
35049,0
21937,1
9490,1
16237,0
33214,0
40140,0
30271,1
12506,0
18983,1
15329,1
2253,1
29973,1
36160,0
10200,0
15032,0
26328,1
5227,-1
11806,1
43680,0
28944,0
13284,1
34379,0
24913,0
2215,-1
5799,0
40101,0
3094,1
10515,-1
10594,0
22655,1
43369,0
13323,0
3938,0
3037,-1
30307,0
13495,1
764,1
38859,0
39678,0
40841,0
26586,0
19435,1
14522,1
276,1
17673,0
37162,1
35967,0
23776,0
37290,0
4755,0
20111,1
27945,1
14730,0
23122,1
13433,0
18810,1
12085,0
16581,1
11652,1
29736,1
29116,-1
20062,0
16327,0
37397,0
9148,0
32772,0
9732,1
36228,0
11638,0
5951,1
32075,1
38812,0
13770,1
43009,0
8563,0
13058,1
15235,0
16623,1
1981,1
19206,1
29747,0
6860,0
13201,1
10725,1
13740,1
3327,1
43589,0
39620,0
29175,1
10357,1
12442,0
21740,0
27392,0
1502,0
18157,0
20602,-1
5628,1
18630,-1
32640,0
14321,1
26294,1
27083,-1
39100,0
6306,1
14008,1
19251,-1
16303,0
25330,0
724,1
7484,1
44378,0
2211,0
40599,0
32169,0
10164,1
13913,0
17684,-1
13249,1
9864,0
13308,0
497,1
16622,0
35933,0
25432,0
41636,0
16846,1
5655,0
25990,1
31172,0
5289,0
30402,-1
39745,0
5912,1
38017,0
9058,0
37844,-1
5692,0
16195,1
785,0
7111,0
44550,-1
37768,0
3250,0
11613,1
430,1
31038,1
29913,1
13949,0
26316,1
24720,0
16159,0
29327,1
24527,1
28989,0
41133,1
34832,0
10343,0
8496,1
3973,0
41541,0
32929,0
39905,0
23287,-1
26339,1
11537,1
11949,0
43160,0
43706,0
41160,0
18782,0
41352,0
13751,0
30462,-1
14547,-1
38077,0
36907,1
39422,0
14526,0
1864,1
24972,0
34474,-1
6427,1
25374,0
29789,-1
31358,0
43930,0
41116,1
8945,0
10385,1
25126,-1
17621,1
2082,0
29968,-1
37811,0
13076,0
8546,1
31506,0
42579,0
2371,0
14173,1
39056,0
29276,1
8595,-1
33537,0
37616,0
11579,0
36629,0
625,1
42855,1
11803,0
30240,1
19673,-1
14575,1
37396,0
4179,0
25057,1
19136,1
38144,0
17226,-1
8088,0
37229,0
24922,0
26815,1
5883,0
11317,0
10424,1
23524,0
37288,0
24524,-1
14338,1
10111,0
37760,0
5928,1
11708,0
28635,1
23553,1
11614,1
35587,0
14299,0
4841,0
30078,0
10222,-1
8257,1
1493,0
649,1
39585,0
11762,0
30726,0
44027,0
31538,0
27459,1
12129,0
36521,0
43864,-1
29521,0
34226,0
5750,1
23962,1
43293,0
12534,0
26517,0
1633,1
31553,0
6627,-1
18086,1
31047,0
31682,0
43174,0
2907,0
8853,0
26197,1
29315,1
38591,0
41613,0
27555,1
23503,1
5314,0
214,1
12365,1
42389,-1
30717,0
34954,0
32018,0
10239,1
30757,1
9013,0
27042,1
16812,0
12172,1
19358,1
3801,1
36074,-1
32390,0
36936,0
43074,0
33991,0
38624,0
25449,0
44403,0
43788,0
38085,-1
36913,0
43150,0
8368,0
13902,1
27333,0
15141,0
5269,0
43130,-1
34288,0
8740,0
20196,1
16867,1
15027,-1
12083,1
13361,1
43851,0
4010,0
23852,1
30963,0
2473,1
27622,1
21658,0
39588,0
32945,0
43055,0
25541,1
17152,0
14721,1
41621,0
42306,1
41135,0
14655,1
13230,1
26487,1
39938,0
5525,1
38322,0
32990,0
13293,1
19972,1
43210,1
35548,0
11824,0
33734,0
42543,0
19104,0
9784,0
26762,0
38220,0
9063,0
14449,0
5415,0
19962,1
9354,0
5068,0
31803,0
13227,1
31634,1
8842,0
21795,1
35016,1
13648,1
5100,0
13193,1
3198,0
5447,1
34166,0
26014,1
56,1
6376,1
43994,1
44629,0
5536,0
12432,0
1656,0
13864,0
2654,0
11640,0
9992,0
24959,-1
20348,0
30733,1
29150,1
39755,0
19926,1
33496,0
19384,1
40605,0
38558,0
9099,0
14791,1
28176,1
5587,0
24754,-1
18116,1
32619,0
24655,0
26455,0
27589,-1
38094,1
36359,0
9145,0
14414,0
9398,1
2577,0
32375,0
380,1
4123,1
17244,1
11236,0
33414,0
39018,0
5387,1
41533,0
10464,0
39508,0
20213,0
18277,1
14976,1
37088,0
26616,0
14991,1
21234,0
39853,1
38489,0
40494,0
20102,1
15500,0
42629,-1
26529,1
17871,1
18743,1
12533,0
30793,1
27646,1
15347,0
1866,1
30160,0
8657,-1
26877,1
13296,0
15265,0
43348,0
34336,0
25944,1
33766,0
17925,1
40057,0
24474,1
18732,0
6465,1
28840,1
36529,0
14776,1
21347,0
14462,1
1639,1
13826,0
25487,1
21881,0
29631,1
5599,0
38504,0
30273,1
5308,-1
23720,1
32379,0
31711,0
4484,0
5107,0
4428,0
33528,0
3955,1
35202,0
15357,-1
758,1
5984,0
38301,1
14556,1
35895,0
42309,1
35962,0
25067,-1
19657,0
34291,0
15197,-1
27710,1
43463,0
9828,0
8060,1
33940,0
25575,0
22666,0
29825,-1
747,1
37687,0
2136,0
8983,0
35008,0
32213,1
2780,0
16666,0
10569,0
30973,1
15184,0
4260,1
38529,0
7261,1
26830,0
43485,-1
44173,0
18834,1
5129,0
9505,0
37286,0
27090,1
20763,1
31234,0
23236,1
94,1
5588,0
8218,1
36825,0
6942,0
42646,0
44557,0
14339,0
15165,1
8876,0
8587,1
426,1
12670,1
8997,0
23855,1
4337,1
14938,1
11955,1
31386,0
24721,0
82,1
43786,0
36494,0
5479,1
10124,0
12134,0
9495,0
13643,0
26803,0
39939,0
37667,0
13091,1
42209,0
18009,1
13130,1
14451,0
30683,1
24034,1
23422,0
27915,0
28772,-1
27168,1
12696,0
42364,1
5431,0
9544,0
13194,1
36107,0
24378,0
35922,0
9897,1
31282,0
8347,0
30309,-1
28106,1
6764,-1
16189,0
27084,-1
18470,1
13368,0
3838,-1
19169,0
43251,0
21957,1
35596,-1
19814,0
41561,0
24706,1
27456,1
18741,1
9385,0
2782,1
31808,0
16643,1
27989,0
29942,-1
42791,-1
5266,-1
29701,0
17028,-1
20009,1
19308,0
22809,1
12118,0
22008,0
14800,1
32634,0
42957,0
19795,1
8544,0
357,1
10739,1
38837,0
3990,0
26931,1
38184,0
34377,0
6984,0
36466,0
15116,-1
29174,0
27416,1
25287,1
24172,0
27326,1
38502,0
33270,-1
12293,0
25523,0
30703,1
8847,1
26037,1
30422,-1
39882,0
40893,0
14917,-1
36649,0
34162,0
41109,0
4430,-1
33301,0
13535,0
1973,1
15520,0
30598,1
318,0
13458,1
37454,-1
7472,-1
33366,0
14138,1
25769,0
29664,1
10390,-1
2707,1
21839,0
24947,0
12138,1
5462,0
14693,1
18669,1
2154,0
8384,0
33337,0
5563,0
13702,0
19107,0
12060,0
32891,1
189,-1
29453,1
2642,0
18036,1
7625,1
41110,0
43640,0
38065,0
29165,0
40679,0
19355,0
21901,0
35982,1
9881,0
13221,1
30070,-1
29987,-1
2976,0
40435,0
43555,0
29127,0
42613,1
26520,1
16673,1
21647,1
41548,0
10260,1
19268,1
25821,1
29751,1
25167,1
28714,1
37130,0
788,0
44206,0
39919,0
27886,0
10225,0
26806,1
16524,1
36616,0
13370,1
24074,1
26776,1
34653,0
1882,1
37304,0
22102,-1
14407,1
29841,-1
38495,0
5145,0
42490,0
24924,-1
28864,1
17079,1
34521,0
30255,0
9635,0
29749,-1
18642,-1
12089,0
35789,1
650,1
6266,1
36912,0
11952,0
19940,1
9522,-1
16873,0
20335,0
29607,1
722,0
29256,1
9768,0
16579,-1
35626,0
19213,0
29382,0
14460,1
5879,0
6972,0
43003,0
36108,0
16448,0
1912,1
5061,1
4788,0
26296,1
17242,0
16908,0
855,0
26383,1
4161,1
30116,0
29715,1
29624,1
18623,-1
36923,0
2060,0
25672,-1
34004,0
30783,1
13379,1
3070,0
13816,1
29676,-1
16347,1
25577,0
16254,0
10110,-1
462,1
16947,0
31763,0
12455,1
5882,0
4821,1
42435,0
5096,1
23209,1
18895,1
24008,0
14369,0
41073,0
7574,1
19752,0
5872,0
26283,1
2320,-1
17296,1
31907,0
20396,1
9959,0
31041,0
5040,0
30711,1
14234,1
16637,1
28722,1
14594,1
38281,0
32361,0
3085,0
12076,0
18779,1
41723,0
44523,-1
33297,0
12823,1
29238,0
29421,1
26922,0
6717,1
12535,1
39964,0
4730,0
4955,1
25696,0
36069,0
9459,0
35002,0
9984,0
13947,1
13924,-1
37973,0
2480,0
43923,0
19976,1
28929,-1
5759,0
40025,0
1791,1
4720,1
16843,0
6134,1
4287,1
4261,0
4304,0
5602,0
29637,0
2302,1
30041,0
39761,0
17780,0
20287,1
24064,1
17864,1
34252,0
9625,1
3710,0
18288,1
42625,-1
6421,1
13675,1
44212,0
37343,0
6336,1
19390,1
27868,1
17085,1
25227,0
4482,1
37350,0
17013,1
12234,0
44327,0
7592,0
14856,1
40048,0
607,1
20648,1
4136,1
41692,0
27715,1
32269,-1
23788,0
6630,0
13408,1
40191,0
6146,1
30260,1
10844,-1
38646,-1
24741,0
26170,0
1695,0
37605,-1
38268,0
37004,0
19001,0
17064,0
42403,0
225,1
14597,1
41727,0
41366,0
8549,0
7500,0
3951,1
36117,0
29846,1
647,1
27766,-1
39947,0
8074,1
36995,0
15230,0
2927,0
30570,0
30825,1
21965,0
5865,0
26148,0
40823,0
12044,1
42472,0
42908,0
39879,0
33287,0
33048,0
33648,0
39911,0
33392,0
33831,0
23594,1
44454,0
3276,-1
20178,1
2043,0
8639,-1
13603,0
27100,0
9863,1
43202,1
5421,0
27448,1
39663,0
13935,1
41681,0
4153,0
2778,-1
12553,0
37346,0
12856,0
22083,0
44608,0
2326,0
23848,1
36698,0
35128,0
25735,0
27197,1
18934,1
34236,0
39933,1
9602,0
32925,-1
42162,0
30995,-1
31136,0
22095,1
38109,0
40131,0
28707,0
12338,0
36148,0
18153,1
43479,0
28662,0
44085,-1
14747,0
38254,0
19433,1
41085,0
29625,0
34018,0
4061,0
25151,0
19242,1
24619,0
13679,1
42721,-1
33568,-1
4499,1
18762,1
4910,0
89,1
38191,0
16982,1
9504,0
8335,0
4640,0
14067,0
21638,0
14343,1
19660,1
43045,0
13435,1
37154,0
26953,1
43580,0
39499,1
8860,0
17285,1
9734,1
8535,0
44434,1
30642,0
9980,0
25879,0
25329,0
18940,-1
42527,1
12078,1
1944,-1
42511,-1
40774,0
3828,0
2225,0
17982,0
24265,0
1807,0
11774,1
13624,0
30528,0
25117,1
4218,0
31510,0
3059,1
18717,0
5717,0
19071,-1
29449,-1
13667,1
21929,0
14798,1
34139,0
17699,0
29803,1
9798,0
27208,0
25991,0
34118,0
14385,0
2544,1
4993,1
25724,1
22014,0
12140,1
13121,1
3821,-1
4545,1
3977,1
16662,1
38274,1
25340,1
8513,0
36413,0
8021,0
32913,1
30612,0
554,1
21148,0
4453,0
9108,0
10224,0
37628,0
20439,0
116,1
1823,0
37003,0
40427,0
19934,1
10661,0
4839,-1
37499,1
664,1
33046,0
33237,0
41951,0
673,1
43325,0
28865,1
29367,0
13863,1
43448,-1
24781,1
21731,0
41220,0
16544,0
41758,0
34173,0
27838,1
5202,-1
34682,0
26265,0
11660,0
5220,1
17282,1
37218,-1
9026,0
30337,0
29659,0
26261,1
22943,0
25121,1
10622,0
30808,1
13416,0
577,1
29889,-1
5428,0
9409,1
33078,1
32796,0
101,1
2490,-1
44056,0
24323,1
9434,1
3146,0
18005,1
308,1
19081,0
20485,0
17961,0
12926,1
16209,1
12024,1
19227,0
13071,1
3073,1
8755,0
27484,1
359,0
42565,0
29205,0
32227,0
20456,-1
13167,-1
43233,1
41570,0
4560,0
18314,1
41080,0
36012,0
19212,1
10778,0
25389,1
10503,1
5258,0
13032,0
9946,0
20080,1
636,1
39921,1
39825,0
36125,0
26508,1
13736,1
36062,0
10744,1
26365,0
13725,1
35850,0
20078,0
15124,0
13876,1
12081,1
38862,0
5159,0
38028,0
4343,0
10144,1
18110,1
13592,1
37736,-1
41126,0
24628,0
38272,0
25615,1
21724,-1
37270,0
13695,1
32153,0
37451,0
25779,1
25412,1
37975,0
36962,-1
9829,0
559,1
40380,0
8170,1
4892,1
27728,1
18226,1
27389,0
30413,0
29506,1
26975,0
37452,0
20177,1
38251,0
44321,0
29215,-1
12499,-1
14624,0
36467,0
8519,1
32700,0
8098,1
30259,1
38216,0
5761,-1
32412,0
25210,0
26064,1
18223,1
4234,1
14457,1
29219,0
20342,-1
30199,-1
8315,0
13127,1
42235,0
23475,0
41218,0
20155,0
14117,0
28231,1
26671,1
37698,0
3066,0
43738,0
5016,1
6130,1
11306,0
26139,1
39920,0
2338,1
38979,0
7978,0
9524,0
2731,0
4747,1
5218,1
11623,0
15131,1
14759,1
337,0
12684,1
32071,1
36570,0
23109,1
40229,0
14621,1
31895,-1
25428,0
40523,0
40974,0
21670,0
3927,1
14429,1
21828,1
3162,1
26895,1
41042,0
30174,0
16881,-1
44491,1
21524,1
31837,0
10685,1
20071,-1
40260,0
25832,1
13714,-1
29706,1
5689,1
15054,0
26644,1
12404,1
34876,1
20137,1
27746,1
43606,0
29314,1
6495,0
37034,0
18113,1
30582,1
4810,0
42486,0
38042,1
24494,0
3342,0
5869,-1
36349,0
25552,1
33191,0
35913,0
8779,1
16769,0
32306,0
26569,0
33485,-1
1481,-1
22062,1
43679,0
14722,1
18159,1
5352,1
36921,0
36276,0
38103,0
30148,1
7105,1
9499,-1
21820,0
17191,0
530,1
10161,0
24858,0
40402,0
23358,-1
12080,0
13426,1
43970,1
18811,1
13313,0
10640,0
8200,1
26417,0
37357,1
9900,1
36969,0
35027,1
20715,0
4266,0
20506,1
38605,0
9106,1
4692,1
4538,0
29903,1
37337,0
4049,0
1927,0
9313,-1
24427,-1
11596,0
7192,0
3904,-1
7511,1
37358,0
13942,0
36925,0
19439,0
10286,1
33918,0
9445,1
41949,0
25475,-1
25767,0
19718,1
9985,1
28001,1
25897,1
26369,1
32713,0
40947,0
3621,-1
8213,1
25928,0
36644,0
29945,1
37361,1
217,0
5139,1
10213,0
32416,0
37239,0
19338,1
27046,1
37798,0
10305,0
42824,0
12274,0
19382,1
24831,1
44211,0
19670,1
8255,0
31387,1
5336,0
9172,0
38050,0
31710,0
40806,0
8448,-1
4531,0
27503,1
32769,0
17007,0
28843,-1
36486,0
2292,1
33069,0
43303,0
38806,0
9433,1
25943,0
33936,0
41476,0
13396,-1
5205,0
8196,1
34383,0
26258,0
10363,1
35462,0
9223,1
36477,0
32778,0
9743,1
40736,0
25550,1
15208,-1
34271,0
19120,0
41752,0
44692,0
38813,0
13653,1
12263,0
17501,-1
14601,0
27467,1
2676,-1
18620,0
14325,0
2728,0
18795,1
36367,0
18902,1
14197,1
18984,1
35476,0
27393,0
478,1
20324,-1
38618,0
26918,1
19761,0
17262,0
10364,1
37342,0
11520,0
5445,1
4286,1
36922,0
8281,0
38708,1
17168,1
20384,-1
33019,0
18298,0
16941,0
28978,0
19421,0
28928,0
27805,0
2810,0
26481,0
10478,0
9701,-1
18310,1
13733,1
6000,1
18495,1
39015,-1
33966,0
13321,1
13447,0
25886,1
8397,0
4601,0
33193,0
26269,0
30565,1
4846,0
26632,1
38160,0
25953,1
5609,1
6358,1
10389,0
40228,0
22011,-1
17072,1
26921,-1
218,1
13300,1
27201,1
20166,1
194,0
42411,1
26557,1
18628,1
25484,0
18008,1
5875,0
36172,0
28032,1
16469,0
36138,0
26251,1
31280,-1
24977,0
4280,1
2909,0
21797,1
8260,0
2096,0
18522,1
9049,0
4141,0
43002,-1
16961,1
4423,0
8822,0
17159,1
36707,0
6578,0
30884,1
32222,0
40755,0
30889,1
6183,1
1917,0
14620,1
18783,1
42991,0
30575,0
3090,1
37311,0
25933,1
10030,0
32293,0
37625,0
9689,1
1676,0
5250,0
10383,1
9682,1
18501,1
30827,1
36653,0
27035,1
28002,0
38564,0
9889,-1
32350,0
8651,0
20085,1
11619,1
38720,0
31347,0
4502,1
40203,0
4134,0
11720,0
24079,0
10824,0
40972,1
12008,0
31733,0
41258,0
38218,0
25353,0
37455,0
29144,0
4348,0
25758,0
11453,0
29965,0
8469,0
2508,1
1510,1
20481,0
27,1
15077,0
9696,0
33563,0
6401,0
25488,1
8650,0
30292,1
29091,-1
33823,0
33157,1
8428,0
31737,0
4668,1
12009,0
29697,-1
13753,-1
4328,1
10836,1
13595,1
41674,0
12375,1
19797,0
30376,1
37022,0
9785,-1
42936,0
2026,1
26199,1
41615,-1
29112,1
26466,1
13616,-1
16996,1
12447,1
24189,1
36493,0
26724,1
39898,0
43461,0
12994,0
40784,0
27474,1
19475,1
43654,1
39915,1
29710,0
32253,1
34470,0
31403,0
25466,1
26627,0
39614,0
5778,1
281,-1
660,0
25553,1
29934,-1
31792,0
27461,1
9085,0
26136,0
39066,1
13161,1
13165,0
148,1
12039,0
2022,0
15178,1
30436,1
27101,1
24377,0
39589,0
9428,0
5333,-1
27023,1
3983,0
37763,-1
16743,0
16750,1
16700,0
25543,1
8324,1
36027,0
19708,1
33295,1
28812,1
20032,0
25346,0
2427,0
8620,0
4040,1
16548,-1
7898,1
15394,-1
36030,0
16768,1
41704,-1
1641,1
44263,0
9379,1
9965,1
5963,1
6316,0
7950,1
38748,0
25483,0
43257,1
37514,0
10291,-1
25442,-1
21681,0
28151,1
19402,1
15108,0
278,1
10290,1
13631,1
7457,1
39503,1
20390,1
9854,0
14908,0
156,1
10454,0
11681,0
10720,1
27883,0
31939,0
23999,0
44186,0
43883,0
40975,0
27054,0
24608,0
9742,0
9915,0
19048,1
26239,0
26093,0
27497,1
6892,0
10807,1
21352,-1
28308,1
8387,0
5691,0
29369,1
42233,1
29920,-1
41698,0
31740,0
17425,0
42558,0
16955,1
4417,1
30503,0
27148,1
19201,1
6403,0
24707,-1
29078,0
42876,0
19500,1
44688,0
9029,0
27931,1
1742,0
5876,1
28974,0
4306,1
32901,0
37230,1
33056,0
12942,1
36697,0
23587,1
31750,0
14263,0
6595,0
7051,0
14378,0
17298,-1
37909,0
43935,0
31614,0
9320,1
20528,1
30608,1
16825,0
21982,1
13111,1
19409,1
10511,-1
164,1
27556,0
5248,1
40923,0
13373,0
34435,0
4707,1
38275,0
38091,0
1825,1
5786,1
9803,0
34528,0
29356,0
4941,-1
12181,1
29754,0
12796,0
13171,1
25848,-1
12148,0
31132,1
8763,0
13794,1
41940,0
2090,0
15481,-1
33461,0
18513,-1
1632,1
64,0
10217,1
27615,1
13917,1
40437,0
34140,0
32711,0
39393,0
31026,0
14472,0
4896,0
27872,1
20268,1
43571,0
20590,1
36129,0
23034,1
8927,0
538,1
30750,1
14572,1
25652,1
1658,0
23397,-1
19932,1
38175,0
15389,0
23460,1
13610,0
26782,1
13440,1
8127,-1
41771,1
20077,0
8637,-1
4867,0
22708,1
32108,0
7097,0
35516,-1
4389,1
1942,1
483,1
36929,0
8427,0
24606,0
19083,1
9604,1
10026,0
2335,0
34510,0
25243,0
25161,1
716,1
38072,0
8388,0
27250,0
12774,0
38079,1
16885,0
8686,0
30873,1
25965,1
35891,-1
19671,0
28905,-1
32723,0
7606,1
22069,0
33941,-1
26477,0
29916,1
27394,1
13209,1
10057,-1
37668,0
37156,0
23317,-1
37429,-1
3099,0
42017,0
4468,1
37163,0
6713,-1
27209,0
6230,1
523,0
14867,0
43212,0
13682,1
37440,0
36005,0
31097,0
16758,1
20759,0
27454,0
31281,-1
25602,1
8738,0
37560,0
13459,0
27491,0
15569,0
2849,0
37324,0
3530,0
41048,0
29540,0
10126,0
6204,1
18851,1
15345,-1
9728,1
13224,1
35080,0
4307,1
7505,0
29147,0
21876,1
2198,1
27938,1
26108,-1
18835,0
6377,1
2506,1
745,1
24627,1
9983,-1
17286,1
6665,0
30206,0
13178,0
42654,0
3095,0
4360,1
3239,0
30324,1
5514,0
27936,0
25813,1
1659,1
44533,0
24109,1
9139,0
9761,0
9542,0
23800,1
31576,0
20115,1
36476,0
38210,0
1464,0
23950,-1
14394,1
36976,0
5898,0
41001,0
291,1
11664,0
37971,0
29460,1
9488,0
40436,0
31106,0
19947,0
21757,1
36968,0
2042,1
32391,0
14581,1
31098,1
26331,1
5270,1
37308,0
25459,0
4604,0
27852,1
13226,0
8233,1
5162,1
24345,0
25534,1
12561,1
26189,0
4063,1
33583,-1
32865,0
23551,1
34277,0
24993,0
28029,1
30281,-1
2898,-1
23648,0
13712,1
37939,0
29301,1
6293,1
16896,0
29019,0
35557,0
27504,0
6178,1
31554,0
12746,-1
1784,0
40992,0
15560,1
19630,1
38024,0
38352,0
30533,1
31383,0
36248,0
35491,0
23900,0
5395,1
15200,1
40478,-1
4878,0
21368,1
43329,-1
35574,-1
36967,0
17665,-1
5795,-1
40172,0
7876,0
1954,1
42564,0
30410,-1
40795,0
34455,0
28839,0
38580,0
43632,-1
17751,0
5024,0
16903,-1
1977,0
17706,1
20064,1
10648,-1
36963,1
30571,1
18750,1
12720,1
32135,-1
32902,0
27257,0
37379,0
19997,0
32677,0
8737,0
36887,0
13601,1
5785,1
9322,1
37272,0
39830,0
8957,0
2354,1
41265,0
25183,1
40204,0
600,1
14846,1
41609,0
30636,0
23459,1
41295,0
26820,1
36072,0
15213,1
43475,0
37433,-1
4704,0
10158,0
3462,1
5648,-1
41575,0
23511,1
13271,1
1956,0
12904,0
6052,1
21831,0
16820,1
31953,0
41643,0
36450,0
1618,0
13466,1
5878,-1
27736,1
15483,-1
14317,0
16230,0
28825,1
13652,1
34686,0
37157,-1
12531,0
34119,0
44525,0
31533,0
28914,0
11771,1
8694,0
29036,0
20399,0
14535,1
16525,-1
10671,1
36398,-1
34327,0
30330,0
8541,0
24840,0
18120,1
30265,0
12812,0
8502,1
25617,1
43378,0
4024,1
42257,0
2527,-1
28935,-1
11241,0
38095,0
1631,-1
29855,1
6953,1
5495,0
37150,0
44653,0
21633,0
15467,0
34105,0
28883,0
35869,0
10523,0
29414,1
14246,1
8202,1
17475,0
2777,0
44044,1
1499,1
42363,0
32808,0
22924,1
25250,-1
38964,0
21119,0
31259,1
20276,1
21179,-1
3034,0
44025,0
21994,0
14216,0
19052,-1
10039,-1
12838,0
17630,1
20316,0
31514,-1
37008,0
25562,1
6918,0
35204,0
1500,1
8503,0
2483,0
13647,1
20020,1
14797,0
4658,1
13674,0
33066,0
13480,0
24246,0
36261,0
19035,0
33596,0
27217,-1
10032,-1
10691,1
813,1
37111,0
8357,1
3961,0
2569,-1
25486,1
31835,0
21998,-1
25016,1
38610,0
5652,1
5033,0
5332,1
36952,0
39442,0
18906,0
28192,0
36517,1
35536,0
41629,0
10680,0
14251,1
4664,1
26332,1
12235,0
14536,0
38025,0
21835,-1
17860,0
2641,0
10280,0
40717,1
44500,0
28853,1
20979,-1
38189,1
4007,1
30490,1
26530,1
340,1
26503,1
25918,1
7151,1
5294,-1
37030,0
5524,0
15478,-1
6261,1
41481,0
2568,1
30634,1
31699,1
33399,0
8873,0
18661,0
22773,0
27929,0
2250,-1
20021,1
21612,0
6034,1
10623,-1
18801,0
26320,1
29286,1
5637,1
37604,0
27107,1
39222,0
28945,0
18963,1
12500,0
5968,1
23485,1
31432,1
242,1
12265,0
28956,1
17198,0
35735,1
4226,0
40469,1
5484,1
29404,1
16714,0
25671,0
35119,-1
32783,0
8956,1
24665,0
13583,1
37296,0
1889,1
20625,0
31252,1
432,1
13039,1
28963,0
26635,-1
749,1
30454,0
14353,1
31918,1
11648,0
40866,0
30381,-1
16461,0
9725,0
5731,0
27069,0
42277,0
19217,1
14910,-1
6267,1
8353,0
39377,0
31040,0
31107,-1
12082,1
33258,0
23318,0
557,1
531,0
7624,1
9265,1
32393,0
13705,1
852,0
18913,-1
27857,1
28101,-1
42881,0
43035,0
7468,1
8104,-1
42590,0
36036,0
37103,0
35595,0
9559,1
3670,-1
27052,1
37754,0
10201,0
6021,1
43465,0
28938,1
19775,1
19072,0
12364,0
7572,0
35613,0
38855,0
10068,-1
14376,1
21652,0
233,1
19023,-1
13804,0
36891,-1
285,0
18974,1
18,-1
21803,-1
4308,-1
5539,0
11841,0
42269,0
35485,0
30425,-1
450,1
41718,0
42447,0
41532,0
36661,0
24996,-1
30791,1
17293,-1
44008,0
36330,-1
12333,0
14384,0
27428,1
15377,-1
26463,1
9394,0
43872,0
4636,0
23762,1
6014,1
5323,0
25410,1
16952,-1
37965,-1
8032,1
17284,0
25801,1
26935,1
21942,0
18626,1
6881,0
26186,1
10827,0
31742,0
21130,0
13147,1
40148,0
13168,1
36854,0
38150,0
32645,0
10621,1
26781,1
9242,1
22941,0
7456,0
25159,-1
4966,0
10719,0
37536,0
8190,0
21643,-1
113,1
41101,0
26399,1
36106,0
10088,0
40404,0
43249,0
37469,0
12945,-1
24115,1
42923,1
39893,0
27329,-1
16591,0
8142,0
12229,1
5962,1
38016,0
26134,1
32502,0
10432,0
32287,0
43132,0
13503,0
24560,0
3024,0
31348,0
14560,0
8082,0
31821,0
9484,0
23614,1
38774,0
25438,1
42842,-1
20042,1
39929,0
13552,0
10336,-1
5969,1
30964,-1
22061,0
33051,0
25740,1
8412,0
39736,0
4588,0
4546,0
14086,1
42371,0
38249,0
37978,0
31238,-1
29728,1
26263,0
10108,1
6160,1
41137,0
20437,1
19958,0
25922,1
18981,1
29154,0
2317,1
19326,1
38001,-1
24950,-1
26696,1
30482,0
21701,0
20274,0
30609,-1
41114,0
18014,0
14259,1
32649,0
4452,1
42231,0
39626,0
7091,1
18905,0
18252,0
33172,0
33009,0
17010,1
26747,0
35007,0
15450,0
1828,1
29126,1
20315,-1
23189,1
8298,0
18181,0
9292,0
36714,1
32632,0
8071,0
16405,0
37277,-1
762,1
32384,0
16269,-1
17112,-1
8090,1
16701,1
11670,0
17263,0
7925,1
43091,0
40483,0
44232,0
16585,1
4167,1
13575,1
9117,0
27755,0
10732,1
9321,0
42726,-1
20136,-1
4824,0
27453,0
14433,1
39630,0
39192,0
22961,0
26870,1
40761,-1
9312,-1
43975,0
4403,0
35510,0
2647,1
20098,0
14269,-1
43535,0
36247,0
9971,0
38114,0
5690,0
11790,1
18695,0
1679,0
23903,1
41059,0
29117,1
27524,0
8623,0
16671,1
611,0
30547,0
30498,0
31221,0
9411,0
13549,1
14312,0
14360,1
839,1
38265,0
12042,0
461,0
21934,0
27446,1
31796,0
10063,-1
13544,1
42247,0
14792,1
26919,1
42420,0
38877,0
36706,0
19062,0
22039,0
26144,0
9963,1
26398,1
4725,0
27562,1
24043,-1
13521,0
19981,0
31434,1
32065,-1
9565,0
6901,1
29812,-1
12907,0
9882,0
25771,0
9850,0
27861,1
6605,0
1979,1
41213,0
27026,0
14660,0
43548,1
6080,1
16953,0
40871,0
6366,1
17919,0
13498,1
37556,0
28619,0
19928,1
34116,0
38540,0
8542,1
634,0
34145,0
6342,1
12207,0
41995,0
39542,0
409,1
39884,0
29887,0
35637,0
32270,0
24485,0
36949,0
373,1
26146,0
30755,1
29062,0
29972,1
26380,0
8008,1
10127,0
28190,0
24543,1
30157,1
10438,1
35893,0
42548,0
36895,0
27591,1
38616,0
5862,1
8938,-1
23596,0
3045,0
41540,-1
295,1
2234,1
21689,-1
40039,0
22145,1
14278,0
44490,0
5612,1
1624,1
44486,0
4657,-1
2245,1
30113,1
13848,1
27761,1
27499,1
12222,0
17851,1
36865,0
2471,0
23897,1
22894,1
9157,0
31648,1
688,1
28918,0
14781,1
11604,1
23606,-1
4933,1
8346,1
11936,1
39793,0
29900,0
1996,1
30224,0
37680,0
14922,0
10105,-1
36933,0
30516,1
8883,1
6198,0
30955,0
5515,0
30050,0
6788,-1
33579,1
33298,-1
13306,1
24492,0
27662,0
38537,0
678,-1
35998,0
29686,1
2636,0
37463,0
19426,1
29788,1
5113,0
8568,1
36150,1
9264,0
33028,0
24051,1
10038,1
16348,0
23647,1
41647,-1
32424,0
39509,0
39960,0
42624,-1
15324,-1
34328,0
18315,0
44510,0
14880,1
32142,0
27114,0
19721,0
18949,0
30136,0
37090,0
42536,0
30318,1
19344,1
22151,0
3074,1
37136,0
18184,1
6807,0
42431,0
419,1
12174,0
30022,-1
32558,1
8566,1
40115,-1
34199,-1
17774,1
24355,1
526,0
42491,0
28007,1
17394,1
25796,0
30083,-1
9600,0
13006,1
317,1
13855,0
5132,0
32418,0
42441,0
17483,0
5156,1
36715,0
6885,0
40962,1
1763,1
8461,0
15246,1
6111,1
37220,0
2444,1
38622,0
34680,0
25261,1
22645,-1
24406,1
37655,0
36472,0
801,1
25636,1
17670,-1
2576,0
16137,0
4553,0
26761,1
43596,0
18290,1
39197,0
2093,0
29577,0
5110,0
26467,1
29293,0
533,1
26490,1
37298,1
13796,1
37232,0
30824,1
29688,1
26410,1
24652,-1
9780,1
13961,0
10792,-1
43198,0
16541,1
16782,0
29300,1
4442,1
1923,0
43604,0
41677,1
10674,0
31191,0
39869,1
27949,0
9892,1
23865,-1
9182,0
9745,0
43682,1
28250,0
20738,1
37037,0
25542,1
8720,0
42226,0
31218,0
27803,0
10696,0
7492,1
15365,1
13568,0
8646,0
9878,0
37378,-1
33073,0
22880,-1
35990,0
37280,0
36527,0
13080,1
34484,0
5907,0
12732,0
37039,0
4607,0
4089,0
43244,0
36988,0
2435,0
12384,1
41141,1
11601,1
8431,0
42280,0
31346,0
9655,0
33603,0
3728,1
9035,1
14960,-1
17432,0
4215,0
31018,0
35896,0
23867,1
13757,1
35578,0
41039,0
32817,0
29375,0
9353,1
28000,0
15566,1
6894,1
26923,1
9569,0
19132,1
30505,0
13455,1
37987,0
30155,-1
33135,0
13996,1
21812,0
26958,0
2417,0
621,1
1986,0
1911,0
17967,0
43238,-1
18994,0
31062,1
31565,1
657,1
33435,-1
14890,0
8475,1
15416,-1
16286,0
27365,1
13253,1
31452,0
25605,1
14228,1
41514,0
13722,1
13129,0
2729,1
29570,1
17867,1
25714,1
5011,0
5604,1
3993,0
3369,0
9293,0
10306,0
25792,1
25725,1
2113,0
35974,0
34857,1
42924,0
25293,1
34650,0
10276,0
27657,1
5023,0
14149,1
1614,-1
12874,0
30895,1
12141,0
43951,0
14553,1
26814,0
41034,1
16813,1
21890,0
32738,0
33800,0
2016,0
34410,0
33036,0
9176,0
24001,1
34617,0
4462,1
819,1
4554,0
10553,1
38505,0
26161,1
29274,0
39773,0
34645,-1
16690,1
7519,-1
5540,0
24014,1
5048,0
27095,0
1877,-1
6113,1
6971,0
39779,0
13623,0
29642,0
37976,1
1705,0
40646,0
23659,0
26689,0
14566,1
5290,0
41975,0
26337,1
13287,1
17130,0
4773,1
37797,0
43143,0
9042,-1
35873,0
126,1
14529,1
9193,0
6785,-1
27033,1
20322,0
8609,1
37780,1
1319,1
28847,0
17713,0
44515,0
5005,0
31389,0
36667,0
15106,-1
33200,0
15113,1
4104,0
27088,1
36437,0
9248,0
12550,1
21924,0
19930,1
30432,0
42246,0
42015,0
17290,1
3688,-1
29422,0
31826,-1
6371,1
42438,0
19,1
39043,1
9359,-1
33024,0
8824,0
20212,1
7148,1
37825,0
2623,1
5966,0
41788,0
25749,0
34664,0
32136,-1
37261,-1
8385,0
15268,1
10781,0
28881,0
38027,0
30245,-1
26811,0
20509,0
26438,1
27390,0
42584,0
9174,-1
36353,0
20093,1
9414,1
776,1
9710,0
19069,1
24119,1
32411,0
12020,0
2981,-1
39835,0
22144,0
7164,0
10550,-1
11840,0
25018,1
10547,-1
36343,-1
39563,0
29083,1
8323,0
36042,0
21293,0
12208,0
40540,0
5396,1
6907,0
43703,1
10322,0
26188,1
8810,0
3343,0
17045,-1
29981,0
33115,0
18133,1
10079,1
8201,1
3100,0
30107,0
10512,1
10658,1
38082,0
5890,0
4743,-1
25971,0
31230,0
627,-1
21667,0
9945,1
40126,0
4191,1
33906,0
8482,0
21744,0
12006,1
35921,0
36862,0
43766,0
9516,1
4930,0
16914,1
28085,1
30336,0
25068,-1
37023,1
16794,0
30440,1
29623,0
28174,0
26560,0
9820,1
14748,1
26176,0
34504,0
21343,-1
37456,1
37134,0
28179,0
5138,1
27087,1
25544,0
13980,1
9572,0
25157,0
10496,1
21168,0
43707,0
35526,1
3248,0
31084,0
41948,0
10604,0
17693,0
18747,1
13829,1
19101,1
29953,0
36488,0
21591,0
42298,1
27518,1
13456,1
40247,0
10802,1
32648,0
12356,1
2260,1
10156,0
2714,1
34464,0
6346,1
43845,0
10669,1
13360,0
29713,1
17228,-1
6975,0
9121,0
12912,0
16590,0
21944,0
40321,0
5365,1
20898,0
24944,1
38169,0
29298,0
29143,1
33068,0
37701,0
27011,-1
2277,0
12413,1
41583,0
43159,0
29207,0
12609,1
13597,0
10198,1
6229,1
36858,0
10021,1
5243,1
14413,0
43846,0
8589,-1
39564,0
43735,-1
13546,1
9412,1
17775,1
31296,0
2539,1
2499,1
11827,0
13879,1
35562,1
5730,0
25676,1
38115,0
41770,0
16733,0
23182,1
23334,1
41757,0
26541,0
35877,0
5128,1
34237,0
34331,0
41604,0
43785,0
6944,0
10544,1
19322,0
25858,1
30002,1
682,0
41091,0
31338,0
7083,1
28200,1
2129,1
40112,0
10459,1
13453,0
37578,0
42013,0
8466,0
14057,1
9221,0
9729,0
18879,0
36414,0
39633,0
11391,0
21473,1
267,0
42601,0
36720,0
20231,1
14833,1
12394,0
5470,1
8953,0
23437,1
167,1
40881,0
14215,1
26301,0
640,1
190,0
3156,0
38344,0
26697,1
19392,1
8599,0
14723,0
32684,1
16980,1
135,1
9686,1
5915,1
1950,0
32504,0
25131,-1
5623,1
6324,1
35042,1
34275,0
31359,0
2083,0
19009,0
24108,1
22769,0
32070,0
30770,1
5374,0
31113,0
10418,0
16949,0
17138,0
26659,1
25945,0
14676,0
24328,0
34995,0
36902,0
38206,0
6225,1
16963,1
42498,-1
5735,1
3233,1
35521,0
5929,0
36272,0
24739,-1
19129,0
5819,-1
1918,-1
37802,0
13769,0
41550,0
32728,0
22024,0
16331,1
14120,1
20184,0
12518,0
29254,1
10820,1
17950,1
30423,0
44196,0
26650,0
14315,1
6887,0
38767,0
16465,1
24979,0
37224,0
30399,0
38248,0
30828,1
31099,0
4472,1
16977,1
13439,1
30359,-1
39900,0
41628,0
3936,0
12142,1
25656,1
34450,0
2020,1
3026,0
14089,1
1860,1
20634,0
23439,-1
9188,0
19949,1
36131,0
30344,-1
27106,0
2835,0
38815,0
19100,1
10657,1
4897,0
58,1
29866,-1
16661,1
2121,1
18287,1
9273,1
40015,0
18413,1
12037,1
38337,0
18824,0
5948,1
24288,-1
20133,0
32964,0
15553,0
31812,0
9670,0
7079,0
30835,0
26848,1
33202,-1
38784,0
37923,0
9209,0
31760,0
9074,0
2254,1
22979,1
7003,1
7832,1
25430,1
683,1
9003,0
26198,1
39,1
14178,1
26348,0
18728,-1
1472,1
26857,0
32881,1
14780,-1
32242,-1
12203,1
1787,0
12682,0
42576,0
5001,0
36498,1
3017,-1
37776,-1
31627,0
20661,0
42657,0
38195,0
40831,0
8696,0
41274,0
8441,0
16409,1
21713,0
12251,-1
33773,0
8019,-1
1771,0
38127,1
33812,0
14662,1
35137,0
12689,0
26448,0
6390,1
9771,0
5675,1
34034,0
26737,0
6090,0
21909,1
14100,0
27258,1
10365,-1
5860,0
5810,0
43780,-1
2477,1
31401,0
26967,1
13659,0
26350,1
32477,0
23966,0
44651,0
12383,1
30989,1
742,1
42271,1
38584,0
19492,0
31267,0
13138,0
28618,0
18486,-1
2812,1
13723,1
5933,1
20104,0
7976,1
32138,0
8771,0
33114,0
666,1
27206,1
23603,1
67,1
229,0
211,1
5891,0
378,1
16378,0
25607,1
42479,0
30979,0
18130,0
25873,0
19383,-1
20567,0
40017,0
11835,0
50,1
8605,0
29142,1
33361,0
8250,0
17004,-1
14116,0
42988,0
20089,0
4157,1
24025,1
27829,-1
18957,-1
8458,0
13062,1
26052,0
42764,0
18760,0
5117,0
24785,0
25264,0
8894,0
1609,1
16726,1
20328,1
30969,0
28868,1
10713,0
28099,0
17048,1
9,1
13232,1
29791,1
33858,0
173,1
19220,0
40582,0
5458,0
41066,1
14152,0
42510,0
10828,0
7461,1
12966,0
27519,1
5946,1
3952,0
840,0
14852,1
33378,0
7231,-1
37242,0
3928,1
33030,0
31164,-1
8362,0
1732,0
13183,1
42685,0
9898,1
648,1
12113,1
22825,0
4295,1
24588,0
25558,1
14681,1
43327,0
26904,0
16683,1
37300,0
4476,1
29012,0
38133,0
26940,1
27468,0
26288,1
4284,1
24036,1
37612,-1
26668,1
8492,1
44545,0
9195,0
41539,0
41098,0
32584,1
29986,0
13401,1
25270,0
30805,1
18947,1
24872,0
12271,0
18295,1
29677,1
4047,1
2227,-1
14866,1
36274,0
12094,0
8941,0
39952,0
41683,0
43688,0
15873,1
43731,-1
4116,1
18446,0
30799,0
43550,0
26716,1
14756,1
10023,1
38915,-1
6190,1
12344,0
28816,1
30135,-1
19399,-1
1926,1
2899,0
40389,1
751,1
8415,0
26554,0
32243,1
2074,1
31257,0
10101,1
26965,1
18109,1
23584,0
4508,1
6167,1
41402,0
27920,1
19087,0
1965,1
9552,1
6150,1
26446,1
11527,-1
26676,1
43240,0
651,1
28393,1
20500,1
14726,-1
6317,1
10082,0
30659,1
17316,0
11715,-1
2031,1
3966,0
26866,1
2206,1
43551,1
32410,-1
35841,0
36497,0
44449,0
13133,1
3245,-1
29647,1
42410,0
828,0
2221,1
44137,0
44532,0
43237,0
28937,1
24717,1
26191,0
25810,0
37849,0
13600,1
40443,0
11766,1
23793,1
28164,1
10740,-1
15263,0
26913,1
36120,1
41142,0
25968,0
1530,0
27353,0
25649,0
33286,0
8670,0
9080,1
26687,1
41485,0
30735,0
29745,1
34530,0
12051,1
25682,1
11138,1
16993,1
25257,0
38162,0
36470,0
17913,0
17888,-1
17031,1
7068,0
39949,0
26538,1
13593,1
43673,-1
8312,0
4782,1
26420,-1
21729,1
13728,0
25902,0
14081,1
12272,0
9173,1
16834,1
19250,1
467,1
35872,0
7966,1
9626,0
6977,0
26428,1
30401,1
25228,1
37519,0
25760,1
24023,1
7957,0
4894,-1
43744,1
21637,0
39697,1
13175,1
2188,1
5685,0
7060,0
37748,0
17002,0
4231,0
24510,0
30572,1
7962,-1
2498,0
42030,0
12836,0
2574,0
37310,0
18002,1
27017,1
37677,0
18814,1
9068,0
2485,1
8767,0
17073,0
38021,0
30732,0
73,1
33293,0
6897,0
29925,-1
23883,1
33273,0
22025,0
34509,-1
23592,1
33044,0
26986,0
16398,0
13349,1
9212,0
25807,-1
10681,0
18662,1
32363,0
25097,0
21859,-1
21032,1
18675,-1
6280,0
8899,1
10408,1
27034,0
27233,1
22870,0
18996,-1
7157,0
12470,-1
26547,1
18863,0
44319,0
27352,0
23086,1
7036,1
19698,1
6394,1
8705,0
4729,0
28599,0
13842,1
19706,0
10497,0
10559,0
14631,1
11644,0
11977,1
4457,0
37837,1
43197,0
38222,0
39850,-1
39742,0
42638,0
37302,0
23319,0
10272,1
32720,0
19374,1
6398,0
23736,0
33806,0
25547,-1
36257,0
5551,0
31671,0
1741,1
10254,0
9739,1
16964,0
13621,1
27142,0
5839,1
13734,0
18712,0
33481,0
6337,1
5014,0
36122,1
4899,1
7247,1
28655,1
31761,0
32864,0
12075,1
36441,0
38126,-1
25150,0
773,1
12704,0
9065,0
43183,0
38844,0
25531,0
27330,0
3105,0
2288,1
8528,0
14475,1
9603,0
8472,1
39968,0
38735,0
8278,0
13606,1
2751,0
18450,1
31825,0
11941,0
9726,0
10517,1
15139,0
40500,0
6968,0
27387,0
17147,1
8613,0
39849,0
29635,1
32058,0
6781,-1
38047,0
8640,0
30469,-1
14426,0
9706,0
31870,0
14053,1
35000,-1
10455,1
21091,1
42496,0
15203,0
12023,1
6983,1
6233,1
19156,1
14239,1
31224,0
25217,-1
29333,-1
16912,1
8978,0
14380,0
13871,1
5719,1
1565,1
620,1
36944,0
31263,0
38237,0
37407,1
22106,-1
29129,0
223,1
32271,0
9614,1
23207,0
32002,0
24546,-1
6054,1
9400,0
12483,1
43364,0
13849,0
29695,0
41648,-1
10177,-1
18922,0
4420,-1
33211,0
34200,0
8485,0
20134,-1
21519,-1
10574,0
14087,1
13756,0
8227,1
38298,0
27395,1
7094,0
41750,0
10146,0
35874,0
5770,1
38197,0
14188,1
23666,0
25155,1
9486,1
26553,0
17005,1
16191,1
43419,1
14773,0
31077,0
14430,1
23258,1
7025,0
32417,0
29189,0
23550,0
35614,1
1649,0
27884,1
17770,1
43685,0
1651,1
27007,1
3006,0
30999,-1
35501,0
35975,0
9233,0
6071,1
38168,0
23753,0
28832,1
9470,0
5390,0
36965,0
6838,0
41015,0
32221,0
5017,0
18089,1
4106,1
4406,-1
23071,0
9446,-1
20702,0
23604,0
13410,1
3865,1
7179,1
25979,1
32792,0
33562,0
24088,1
12888,0
18959,1
36357,0
41259,1
9977,0
18956,1
4241,0
30068,1
36386,1
16363,0
27642,1
8663,0
32501,0
5680,0
43371,0
5880,0
16426,1
13834,1
26615,1
31771,0
13785,1
31659,0
16884,0
7132,1
14641,0
11692,0
39815,0
28030,1
36525,-1
10765,1
14456,1
741,1
17201,1
25563,1
33739,0
16207,1
17793,1
28124,0
9988,0
7080,1
18746,1
23953,0
30449,1
39591,0
9191,1
10736,0
32295,0
22676,1
31651,0
4325,0
3730,-1
37721,0
33035,0
34289,0
13362,1
11528,1
8058,0
31611,0
38655,0
34182,0
777,1
9637,-1
12409,1
28701,1
9888,0
21498,0
17963,0
23018,1
24110,1
587,0
16911,0
5918,1
18259,1
33246,-1
33595,0
41245,0
13975,0
21412,0
32427,1
9160,0
14687,1
8493,-1
34057,-1
3385,0
4400,1
16588,0
42261,1
36641,0
1550,0
23663,0
35673,0
7939,1
8759,1
8212,0
31080,0
34496,0
38052,0
9496,1
39740,-1
27466,1
20613,1
2180,1
27520,-1
26028,1
24672,0
25733,-1
8849,0
13719,-1
19798,0
9819,-1
13030,0
21606,-1
11999,1
18263,-1
9275,1
10772,1
18694,1
19665,1
5794,-1
40600,0
1507,1
26783,1
10118,0
25856,1
37967,0
23609,-1
43101,0
13259,1
12224,0
19092,1
16791,0
37,1
27867,1
36654,0
11757,1
9704,1
29458,0
12833,1
10711,0
17691,1
35545,1
6084,0
14602,1
2223,-1
8990,0
33194,0
37969,0
39871,1
43182,0
43639,0
25153,1
44252,-1
43059,0
21850,0
865,0
8926,0
43216,0
25565,1
37737,1
36344,0
5300,0
31779,0
27001,0
4397,-1
4154,1
14026,1
4473,1
39910,0
29595,1
21350,0
42395,0
17151,-1
9199,0
29250,1
31092,0
4214,0
2109,0
26677,1
37532,0
9907,1
11616,0
12694,0
18126,1
11960,1
37774,-1
33733,0
26741,0
29806,1
14297,0
10564,1
19095,0
30099,-1
42996,0
25827,0
6954,1
3267,-1
360,1
30347,-1
21900,1
13501,1
1777,0
28679,1
37457,0
26128,0
7970,1
20278,-1
13011,1
13789,0
8174,1
33758,0
10132,0
9762,1
28796,1
36182,0
36914,0
36271,0
40953,0
34273,0
29472,1
41057,0
35527,0
26391,1
20616,0
37253,0
25076,0
28128,1
29155,-1
1691,0
9513,1
39490,0
14389,1
27236,1
17955,1
43687,-1
6434,0
43894,0
37160,0
19289,1
41802,0
40793,0
6115,1
31642,0
37663,0
2079,1
5345,-1
38824,0
9156,0
13063,0
38000,0
32383,0
12755,0
12611,1
26626,0
13896,1
36055,0
20228,1
15418,0
2740,0
7113,-1
711,1
2058,1
29493,1
39821,-1
36396,0
26915,1
2165,1
11551,0
23947,1
38790,0
302,0
25349,1
44153,0
29679,0
33612,0
5288,0
36090,0
43986,0
25360,1
12555,-1
43040,0
25491,1
42572,-1
43277,0
23186,1
14183,1
42432,0
40333,0
19172,-1
7958,1
14370,-1
43850,0
1916,0
15508,0
20325,1
43423,0
30325,-1
6290,1
21707,0
17984,0
30970,0
8972,1
15521,0
8711,1
44017,0
8642,0
16792,1
13765,0
22711,1
29355,0
12815,1
43339,0
1843,0
1822,0
5766,1
27696,1
10495,1
25744,0
18492,1
27733,0
25397,0
25593,0
349,1
20382,1
2519,0
2763,0
27098,0
25521,1
44145,0
18894,0
33824,0
25655,1
27854,0
25608,1
29244,0
10275,1
42730,0
31791,-1
12522,0
15249,0
26768,0
25687,1
33254,0
41565,0
28472,1
12096,1
14920,0
13160,1
10548,1
35146,0
14425,1
16296,0
43213,0
12144,1
9585,1
25478,0
6311,1
41624,0
13371,0
8305,0
13669,1
28169,1
3665,-1
9418,0
17071,0
41868,0
17747,1
13177,1
12706,1
5203,-1
30901,1
27147,1
192,1
8491,0
849,1
42659,0
31724,-1
30049,1
2685,0
38989,0
13745,1
21144,-1
44055,0
17845,-1
12893,0
25581,0
26531,0
13476,1
14236,1
6400,0
35563,0
36180,1
15008,0
25376,1
35508,0
37036,0
26179,1
13181,1
42397,1
31582,1
7476,-1
34462,0
25584,0
4120,1
794,1
40173,0
40964,-1
24528,1
4410,0
27125,1
26016,0
24372,0
6520,0
30115,-1
17265,0
6439,0
43013,0
13235,-1
16826,1
30471,-1
27284,1
26629,0
33213,0
12866,0
33192,0
18870,0
9779,1
9590,0
9921,1
32878,-1
18096,0
24529,0
33835,0
12341,0
2024,0
1819,0
21259,0
2032,0
10825,-1
25174,1
37032,-1
41038,0
30375,0
40597,0
9535,0
24464,1
43658,0
8322,1
19485,1
36609,0
33805,0
1463,1
39383,0
39956,0
27997,0
14167,1
13822,1
19337,0
16752,0
26580,1
6450,-1
6248,1
28318,0
24864,0
35558,0
7467,1
33182,1
14802,1
16720,1
40072,0
6121,1
17378,1
26788,0
19177,1
41582,0
31910,0
10738,0
17080,0
34866,0
23451,0
34427,0
34198,0
21844,0
24779,-1
17974,1
12026,0
18853,1
37629,0
25166,1
8230,1
26985,1
7798,1
21717,1
10835,1
14677,1
16429,1
35580,1
23469,1
12751,1
7402,1
8656,1
122,1
18410,-1
34351,0
20367,1
24939,-1
18886,0
41119,0
26605,0
32089,0
33309,0
7089,0
9868,1
25197,1
34878,-1
19333,1
2513,0
13213,1
30579,1
11651,0
2789,1
16797,-1
44207,0
30508,0
30721,1
31184,0
12345,1
38033,0
6844,0
1778,-1
28097,1
42662,0
14355,0
1443,0
13218,1
22628,1
25526,1
26769,1
9764,0
4117,1
9104,0
27036,1
17234,0
16936,0
33627,0
14471,1
26164,1
369,1
24746,0
18767,1
40560,0
33,-1
27510,1
10220,1
21947,1
35073,0
25664,1
26576,1
13072,1
25380,1
18419,1
18966,-1
5215,1
36046,0
13525,0
16202,0
9119,0
25501,1
13043,1
36099,0
20180,1
29312,1
42938,0
21902,0
2618,0
44071,-1
37443,0
36142,0
18849,0
26970,1
27399,1
33801,0
26233,1
8693,0
26575,0
31685,0
9179,0
27145,1
3722,-1
21113,0
35915,0
30383,1
35903,0
14264,1
26702,1
29391,0
29636,1
28126,1
38741,0
5178,1
6026,1
20084,-1
25171,0
4685,-1
5386,1
15041,1
15036,1
30181,-1
19138,0
5833,0
15127,1
26633,0
37010,0
19368,-1
3060,0
10458,1
12524,0
19204,-1
12610,0
5070,0
21680,0
35061,0
43168,0
24919,-1
24420,1
42985,0
31049,0
13319,0
6340,1
44650,0
19305,0
29660,0
13739,0
18362,0
12133,0
9268,1
4016,1
25053,-1
26655,1
8967,0
9873,0
10033,0
8100,1
28580,1
34672,0
10262,0
17704,0
18798,1
1701,0
43158,0
12608,0
39263,0
27433,1
9475,0
33140,0
26523,0
23053,1
21196,1
5064,0
9738,0
4378,0
10410,1
32272,0
43647,0
33695,0
41763,0
20359,-1
35559,0
8063,0
18999,0
14794,0
43900,0
16358,0
2270,1
17178,0
35123,0
21776,-1
24313,1
3781,-1
25999,1
43667,0
39609,0
44561,0
8743,0
6156,1
38387,0
25338,-1
8982,0
2315,1
4625,1
41495,0
37124,0
33041,0
9573,0
39008,0
13743,0
117,-1
18516,1
29792,1
26270,0
14054,0
13309,0
34426,-1
17150,1
34204,0
31679,0
25806,1
8848,0
27361,1
40946,0
26426,1
43022,0
34986,1
32405,1
6425,-1
1688,0
9393,0
16915,1
34272,0
29346,0
3190,1
29702,0
14184,1
37603,0
29173,1
3989,1
28664,1
17020,0
33239,0
425,1
8985,0
24015,1
26060,1
16697,0
19413,0
18836,0
19352,-1
35648,0
12721,0
19969,0
43775,0
17752,1
19279,1
10484,1
20802,0
19971,0
20106,0
24003,1
19939,1
38317,1
16314,1
35800,-1
10615,1
26366,1
33726,0
3737,0
19572,1
30020,1
25960,1
41649,0
42236,0
41586,0
30583,1
31425,0
5380,1
19116,0
13492,1
11850,1
28197,1
473,1
1675,1
37826,0
6726,-1
13096,0
25219,1
27300,1
42636,-1
2138,1
1868,1
41775,0
1535,1
14803,1
14733,0
12310,1
35565,0
26254,1
33767,0
2503,0
18449,1
32662,0
19281,1
10639,0
25463,1
3075,0
26370,1
12408,1
26298,0
10761,1
37968,1
2856,0
19192,0
14888,1
5993,0
19018,1
5467,-1
10157,0
40255,0
25458,1
33150,0
34161,0
31946,0
35788,0
16987,-1
27569,1
41152,0
33821,0
29381,0
43454,0
37085,0
23863,1
31829,0
32754,0
32120,0
30617,1
8380,0
29758,1
21216,0
21917,0
34167,0
31746,0
6372,1
10179,1
43715,0
32847,1
27674,1
5122,1
14000,0
9539,-1
35567,0
35950,0
1876,1
19224,-1
31076,0
25775,0
14255,1
1997,0
5407,1
29332,1
480,1
7451,-1
33998,0
13090,1
375,1
31064,0
20657,1
29617,0
14446,0
37024,0
25446,-1
8635,0
13567,0
5201,0
14217,0
8830,0
12996,1
23218,0
24028,1
24770,1
28012,1
42437,0
1892,1
38828,0
25706,1
29132,-1
20061,1
3053,1
2571,1
26521,1
18867,1
13560,-1
3056,1
29815,-1
9395,1
15218,0
730,1
13279,0
5204,1
38746,0
32663,0
3331,1
19203,0
40167,0
10366,1
1815,0
14009,0
29672,0
21889,0
18724,0
36435,0
28824,0
22140,0
10338,0
34889,1
8611,0
8211,0
35569,0
27439,1
22015,1
43990,0
13179,1
13276,1
8154,1
26465,0
41104,0
25518,1
42252,0
5125,0
2983,1
7616,0
23699,0
13729,1
28130,1
42302,0
42283,0
17332,1
9605,0
5971,1
26376,0
15351,0
18993,1
26964,1
5681,0
6363,1
41760,0
39642,0
20043,1
25085,-1
10876,1
36004,0
39387,1
28947,1
36909,0
29680,1
11530,0
19662,0
13104,1
14213,0
16971,1
38309,0
36894,0
31088,0
5277,0
9101,0
41847,0
29469,1
8539,-1
18928,1
31070,0
17936,1
9263,0
31457,0
2906,0
15290,0
40642,0
32396,-1
31521,1
2295,1
29998,1
25505,1
43765,0
14825,1
39161,0
8331,1
2,1
10734,1
41136,1
21905,0
5256,1
43716,0
33994,0
34138,0
38794,0
12117,0
30354,1
1891,1
35582,0
33014,0
1453,0
31354,0
42587,0
31194,0
27303,0
27688,1
754,1
13393,0
42944,0
41041,0
15228,1
4609,1
83,0
28191,-1
31725,0
6165,1
9541,0
250,1
42312,0
37999,0
40697,0
5528,0
32877,0
35541,1
4001,1
4911,0
2242,1
9034,0
38987,1
33201,0
29537,0
37001,0
10231,0
20157,1
4415,0
18094,1
27223,1
38554,0
29742,1
22766,0
26966,1
21897,-1
37945,0
19372,1
9287,-1
38170,1
42248,0
27332,1
9402,0
32704,1
43569,0
27771,1
4440,-1
30529,0
12373,1
23597,0
24272,0
32644,0
22149,0
25746,1
24890,-1
24553,0
43087,1
2667,0
43940,0
2220,1
347,0
12290,1
16270,0
22036,0
42384,0
32223,1
30942,0
19113,1
24343,1
30992,0
25160,1
13843,0
5647,0
2806,-1
6194,0
33106,0
18816,1
7144,0
36620,0
19371,1
3534,1
39566,0
27029,1
4847,1
2860,1
24346,0
13438,1
43028,0
41872,0
26853,0
28919,0
14812,1
35629,0
2542,0
28053,0
33004,0
28693,1
21996,0
8277,0
38386,0
41330,0
12090,0
1925,0
5475,1
9795,1
30718,1
21138,0
14136,0
35668,0
17768,0
37482,0
42345,0
20208,0
26910,0
37284,0
12390,1
42682,0
13944,0
11933,0
21059,0
3772,0
14227,1
19046,1
31454,0
12612,0
44645,0
37481,0
40535,0
19066,1
13612,1
11957,0
27076,0
42276,0
43655,0
36672,-1
28090,1
43727,0
19117,1
17844,0
12771,0
21325,0
30444,0
14445,1
42322,0
6364,1
8076,1
10172,-1
20165,1
17942,-1
5572,0
11964,0
42634,-1
16678,0
39873,0
21887,0
28995,0
13779,1
20346,0
32771,0
8514,-1
40686,0
8750,0
10379,1
39863,-1
15255,0
22133,0
24327,0
40095,0
5582,1
9860,-1
32674,0
40988,0
40998,0
9944,1
40377,0
40322,0
29179,0
24240,0
4239,1
28666,0
28813,1
8197,0
31888,0
4879,0
4889,1
39758,0
42557,0
31778,1
30290,1
25500,1
32339,0
35010,0
3908,1
475,0
25939,0
5987,0
15172,0
5814,0
26025,1
11951,0
28949,0
20571,0
13793,0
15442,1
9164,0
23906,1
35806,0
792,-1
40677,0
5757,0
5800,-1
24430,0
13103,0
7000,0
17056,0
43382,-1
10453,-1
13318,0
8406,0
43907,0
27280,1
38137,0
23552,1
4083,0
40159,0
32442,0
1697,0
13093,1
41035,1
14177,1
31945,-1
36157,1
43415,0
27060,1
22002,0
13993,1
32141,0
36888,0
19303,0
18093,1
8747,0
2133,1
17192,0
44240,0
38929,0
11731,0
30468,0
1725,1
43575,0
8372,0
43936,0
10506,0
31011,0
8272,0
1696,0
40264,-1
5097,0
14836,1
20762,0
39634,0
2323,0
30854,0
22634,0
10590,0
2297,1
40556,1
10834,-1
9162,0
28877,1
2306,1
38056,1
44381,0
31245,1
4641,0
5032,1
30553,0
36520,0
31008,0
11953,1
14034,0
30076,1
10488,1
5099,0
14110,0
13499,0
29145,0
29720,-1
13112,1
23792,1
13685,1
23453,1
17095,-1
6629,0
38305,0
20146,1
19274,0
98,1
4448,0
17200,0
29246,1
41125,1
27700,0
42423,0
34353,0
31650,0
5498,1
14469,1
9509,0
34185,0
24525,1
17087,1
37196,0
38311,0
9698,0
13347,1
6326,1
4550,0
8801,0
9990,-1
8030,1
2484,1
37783,0
26421,1
42976,0
23904,1
29387,0
16630,0
19945,1
38499,0
42701,-1
34295,0
29864,1
13998,0
14231,0
26624,1
3711,0
41260,0
43065,0
38336,0
42929,0
40406,0
2910,1
37660,0
29651,1
2407,0
29510,1
37569,0
24423,1
1444,0
37734,0
10277,0
33900,-1
6180,1
1517,1
17386,0
38155,0
9130,1
24683,1
43862,-1
11211,1
3243,0
14674,0
32336,0
9692,0
12692,0
43334,0
17172,0
30060,0
775,1
43553,0
30353,0
14374,1
6133,1
31637,0
38100,0
25641,1
33397,0
34538,-1
543,0
8677,0
6938,1
42521,0
30074,0
27086,0
12776,1
38874,0
26456,1
33327,0
28570,1
26617,1
30226,0
8038,0
11718,0
1974,0
5448,0
30192,-1
22020,1
41693,0
39495,0
25551,1
13762,0
9449,-1
9167,1
16621,1
29578,0
11984,1
32409,1
16657,1
2160,0
34545,0
15053,-1
8410,0
27359,0
29251,0
21663,0
38718,0
25509,1
14552,1
34058,0
36869,0
4500,1
24174,1
19049,1
12727,0
42950,1
20044,1
38289,0
13397,1
29031,-1
12210,1
14063,1
28759,0
4339,1
26248,1
23739,1
24082,0
27375,0
4375,1
10476,1
37064,0
8817,0
19042,-1
13586,0
43498,0
20722,1
18930,0
9930,1
10186,0
43443,0
26300,1
13894,1
4739,0
32434,0
15074,1
8557,0
29940,-1
8495,0
8777,-1
24329,0
7138,0
25620,0
40568,0
25324,0
43927,0
25138,0
13910,0
40965,-1
17158,1
2098,1
22098,0
28799,1
20825,-1
9910,-1
38463,0
25019,0
42374,0
37711,0
16817,1
6301,1
9070,0
20650,1
7949,0
16301,1
10188,-1
12965,1
25741,1
38750,0
21010,0
356,1
8310,1
31299,0
10516,1
29139,0
13543,0
35674,0
20014,1
307,1
24499,0
43207,0
18803,1
26997,0
21439,-1
8647,0
16814,1
9370,1
10303,1
18364,1
25869,0
9856,1
5083,0
38172,0
14695,-1
27224,1
20419,0
9823,1
26801,1
29430,1
13395,0
8516,0
32822,0
41094,1
13449,0
42562,0
44029,0
39891,0
17237,0
39846,0
4351,1
35487,0
11899,0
34158,0
18731,0
5477,0
14375,0
36861,0
16416,-1
14645,1
5895,0
30178,-1
16762,1
38173,0
22097,0
33037,0
12105,1
39527,0
23842,1
31105,0
18758,0
41710,0
19006,0
36588,0
26555,0
18761,1
32793,-1
30327,0
6250,1
1849,1
38183,1
13205,1
27530,1
19320,0
40979,0
16745,1
13077,1
26041,0
9241,1
6309,0
26127,0
2147,1
41749,0
30577,1
27015,0
24736,0
9002,0
13317,1
25646,1
33226,0
34511,0
33267,0
38819,0
28972,0
28900,1
18821,-1
20156,0
14963,0
26600,1
34258,0
25734,0
36031,0
22113,0
1627,0
4509,1
37436,0
40249,0
31443,0
24026,1
41003,0
35532,0
14335,1
37756,-1
34502,-1
6441,1
27328,1
1654,1
8484,0
26152,0
17241,1
27031,0
36875,0
451,1
26731,0
20425,0
18423,0
38232,0
13018,1
414,1
42683,0
5450,1
4670,1
32718,0
30373,0
27178,1
23789,1
13000,1
31795,0
12540,-1
42462,0
3985,0
1491,0
17232,0
16931,0
30674,1
32873,0
19393,0
30959,0
37106,0
9549,0
34669,1
38140,-1
41552,0
43064,0
3128,0
15040,1
30569,1
36673,-1
14145,1
5651,0
9427,0
29652,1
35645,0
13012,0
23387,-1
28157,0
40387,0
31342,1
1800,1
5702,0
2606,1
27246,1
2115,0
2405,1
11340,0
11704,0
22842,1
9497,1
19676,1
8858,0
11687,0
25254,0
24789,0
18784,0
38231,0
13297,1
12227,0
8280,0
25795,0
29225,1
13017,0
31091,0
6136,1
20285,1
33808,0
1830,0
21654,1
15473,0
33968,0
39895,-1
30908,-1
18769,0
8597,1
25844,0
4928,1
16901,0
8130,1
2048,1
20159,0
37483,0
2252,1
9061,1
4840,-1
12950,0
417,1
18354,0
33266,0
29885,1
38940,0
33961,0
30329,1
33171,0
17148,0
27473,1
6395,1
36709,-1
412,1
43841,0
31158,0
31704,0
40414,0
27431,0
22038,0
37083,0
19499,1
27442,0
40703,0
20108,1
8920,0
2197,1
23114,0
20636,0
4996,0
21911,0
20808,0
42815,0
10698,1
25757,1
16871,1
9613,1
27697,1
23766,1
27072,1
260,0
13596,0
20340,0
9137,0
784,1
16600,0
16394,0
27648,1
27260,1
5881,1
37364,1
29971,0
4267,0
27112,1
13341,1
36029,0
27171,1
28858,0
7295,1
19545,1
14993,0
7490,-1
30624,0
27289,0
29336,0
4439,1
12615,1
6015,0
23884,1
14787,0
12593,0
9722,0
25081,0
2266,-1
3183,1
24565,1
4309,1
19389,1
16969,0
9666,1
5626,0
9254,1
29438,1
4349,1
4011,1
19796,0
14025,1
36832,0
14011,-1
1894,0
1570,1
22968,1
43254,1
21745,-1
35577,0
22735,0
34915,0
41986,0
14143,1
11709,0
32705,0
30843,1
31453,0
17274,1
9311,1
15185,-1
1660,1
6022,1
44634,0
6649,0
13664,1
35571,0
14915,1
15157,1
30784,0
19395,1
26989,1
43355,0
17459,0
8361,-1
32916,0
5351,-1
5619,1
11851,1
43460,0
13328,1
43753,0
24684,0
10775,1
40815,0
13699,1
27847,0
26262,1
14092,1
26934,1
29280,0
27299,1
31883,-1
4033,1
833,1
29415,1
29475,1
19258,1
13627,0
8527,0
14447,1
495,1
31144,0
3336,1
40778,0
3731,0
4352,0
39840,0
40225,0
24604,0
385,-1
27364,1
2771,0
10853,-1
20267,-1
43311,0
9789,0
40754,0
3021,1
7067,0
31549,0
35525,-1
26430,1
5172,0
31855,0
14831,1
32751,-1
6515,0
9865,0
11754,1
4888,0
24340,0
25783,0
6496,1
42894,0
27251,-1
9893,0
41602,0
40528,0
13835,-1
28902,1
15100,0
4114,0
35603,0
13298,1
28760,-1
44540,0
25390,1
41233,0
19953,0
24299,1
8464,-1
24694,0
44690,0
21403,0
4174,0
24868,-1
10467,1
16248,0
25837,0
42888,0
70,0
36603,1
10321,0
43857,1
16665,1
40215,0
2467,1
1496,1
36364,0
8618,0
29870,1
6331,-1
1941,1
42805,0
33396,0
14122,1
40873,0
28043,1
15551,-1
39942,0
6216,1
15212,1
16283,1
3569,0
19659,1
4598,0
8987,1
2077,1
8096,1
26407,0
37970,0
24763,0
26543,0
33559,-1
43968,0
16178,0
14930,-1
28809,0
9341,1
38230,0
20710,1
4809,0
43662,1
25625,1
27199,0
35523,0
8948,-1
34684,0
34243,0
29029,0
42,1
43556,1
4927,1
40839,-1
7496,-1
10817,0
26494,1
35932,0
24607,0
31423,0
35211,0
733,1
30323,-1
12698,1
39792,0
36033,0
2949,1
12368,1
30524,0
19106,1
36143,0
41029,1
43462,0
6900,0
6936,0
21527,0
29136,1
18711,1
43398,0
10036,-1
18844,0
78,0
40418,0
404,1
9674,1
12244,0
38799,0
44345,0
12328,1
43186,0
32087,1
19241,1
12159,-1
13211,1
40363,0
24442,0
4213,1
18797,1
4132,0
75,1
19653,-1
29190,0
10812,1
33120,0
28261,1
23832,1
27166,-1
5538,-1
12697,0
29374,0
10152,0
37810,0
3641,0
6878,0
9767,0
6445,0
18349,0
14366,1
2870,1
39059,-1
44699,0
43697,0
12389,0
14061,1
36961,0
27391,1
30400,-1
39826,0
8807,0
7088,1
44152,0
24130,1
42333,0
26347,1
32250,0
28199,1
14839,1
17854,0
30211,1
19245,1
30418,0
40374,0
44006,0
30225,1
29498,1
24470,1
13530,0
3946,0
43147,0
11988,1
33167,0
32715,0
18221,1
20424,0
40073,0
17259,0
18832,-1
27658,0
13802,1
25560,1
23011,1
22652,-1
34456,0
39042,1
36899,0
28920,0
701,1
8661,0
15294,1
36970,0
10409,-1
5187,0
9357,1
34596,0
8244,1
26031,1
15484,1
21268,0
13013,1
12253,0
10434,0
41062,0
40824,0
12864,1
39047,0
39621,0
9247,1
12937,0
34658,0
12425,0
23002,1
26307,1
26551,0
40801,0
16345,0
9451,-1
13038,1
4485,1
39636,1
12186,0
17006,0
10113,1
8017,0
25703,0
17600,0
31078,0
8567,0
30349,-1
20454,0
32921,0
26379,1
35676,1
744,1
27986,0
24981,0
41435,0
8236,0
38073,0
2061,1
27038,1
2750,0
37764,0
28815,1
18035,1
37165,0
6103,0
9416,0
24862,0
19737,-1
26204,1
2028,0
3206,1
5580,0
19683,1
3792,1
1957,1
29080,1
16190,0
2599,0
40265,0
43549,0
31674,0
5641,0
9755,-1
41077,0
37608,0
4675,0
24065,0
19161,0
17601,-1
8390,0
43235,0
17799,-1
5677,0
633,0
22082,0
10008,1
33640,0
15137,0
4431,1
12949,1
26377,0
16976,1
25001,1
24261,1
27331,1
16811,1
12331,0
5144,1
42299,0
10081,1
8479,0
6057,0
19044,1
26928,1
37506,0
27449,1
31060,0
31140,0
14826,0
20356,1
7124,0
6063,1
12745,1
8879,0
9197,0
15564,-1
38161,0
1737,1
29730,1
24870,0
34548,0
18793,1
26692,1
22047,-1
14277,-1
27702,1
4709,0
31695,-1
26004,1
32315,0
19602,1
29560,1
26860,0
42626,0
9503,-1
1972,1
39852,0
13240,1
8401,0
31838,0
37955,0
20128,1
9285,0
31380,0
38282,0
37222,0
10168,0
42796,0
29035,0
35858,0
29454,1
14805,1
37523,0
42709,-1
561,1
13857,1
26613,0
9192,0
40537,1
27880,1
33328,0
30517,1
20121,0
28856,1
31936,0
29685,1
24630,-1
25476,0
19067,0
10743,0
25766,1
44007,0
33618,0
8106,0
29518,1
8794,0
27561,0
23715,0
32721,0
9082,0
18679,0
15101,0
16132,0
43169,0
17605,0
28833,1
13029,0
28143,1
30048,0
9389,-1
2257,1
25892,0
23599,1
13821,0
9719,0
9558,-1
28576,1
19361,-1
27675,1
27049,0
15160,0
43564,0
4851,-1
13312,0
29645,1
33276,0
35917,0
17422,1
9632,-1
1526,0
12122,0
33693,0
18815,-1
43033,0
43664,0
19600,0
28564,1
18666,0
14870,1
5640,0
11064,0
41056,0
18107,1
25732,0
2222,1
5111,0
42603,0
25512,1
2279,1
12131,1
2391,-1
31313,-1
32241,0
38699,0
10187,0
14245,1
43981,0
30853,0
7090,0
26003,1
32788,1
605,1
10348,1
15117,0
19407,-1
17157,0
43693,0
35477,0
25515,0
8404,1
36724,0
33071,0
38120,0
30222,0
24967,1
42358,0
5384,1
23815,0
4541,0
31851,0
5763,0
30284,-1
13989,0
25022,0
10491,0
9885,1
39067,0
11962,0
12323,0
8450,1
30741,0
18456,0
26013,1
20544,-1
11733,0
28108,1
10790,1
5544,0
24012,1
12800,1
13628,1
23100,0
9855,0
44351,0
1769,-1
27214,1
23881,1
43008,0
1844,0
24056,1
240,1
31420,0
4621,-1
14633,0
38980,0
24292,0
27655,0
12169,-1
40392,0
27797,0
1646,0
27310,0
2283,1
33830,0
35931,0
10710,-1
7041,1
35953,0
43196,0
39488,0
40634,0
25140,-1
14309,1
44390,0
7032,0
33218,0
44518,0
16744,0
8806,1
33628,0
13442,0
31774,0
4115,1
28880,1
1465,0
5934,0
43450,0
22959,0
36900,1
31875,0
7560,0
20215,0
41149,0
39957,0
30319,0
5509,0
26206,0
13803,0
28875,0
32816,0
40846,0
43449,0
32260,-1
27068,0
8248,0
17715,0
15341,-1
30739,0
31353,0
39791,0
10532,-1
44506,0
14493,1
30953,1
17107,1
4491,-1
25747,0
17196,1
6978,1
6430,0
37722,0
27567,1
41,0
13381,1
5427,0
15162,0
26295,1
43068,0
34338,0
42263,0
12260,0
21706,0
29243,-1
42470,0
30925,0
16965,1
24017,1
34203,0
40958,0
36705,0
12223,0
23519,0
41255,0
25906,1
9627,0
24029,1
19520,0
6929,1
10529,0
29711,-1
3998,0
14452,1
11557,1
26375,1
10651,1
29797,0
20523,0
16594,0
11716,0
38342,0
17390,-1
37920,0
43747,0
14992,0
6158,1
19403,1
26039,1
8091,1
3130,0
32004,0
31789,0
5476,1
9870,1
3824,1
32244,0
33268,0
4313,1
12552,1
43146,1
35539,1
17041,1
5430,0
34982,0
10104,1
41053,0
43191,0
38059,-1
20708,-1
43962,0
8176,1
31643,0
31270,0
32500,0
8852,0
41572,-1
21651,1
7951,1
35678,0
24334,0
31736,0
42526,0
28838,1
27963,1
44033,0
9545,0
4220,1
27354,0
16721,1
25434,0
33467,0
31857,0
24050,1
37428,0
42891,-1
8216,0
36430,0
8204,0
9700,1
5846,1
28969,-1
38018,0
10687,0
40154,0
13534,1
1922,1
39963,0
9231,0
30321,0
21970,0
20147,1
27488,1
6792,-1
5698,1
25973,0
12258,0
23301,1
13108,1
10745,0
31716,1
38111,0
42630,0
13419,1
8556,0
10154,0
16349,1
30905,0
12093,0
10697,1
29808,1
13380,0
28163,1
20371,0
27762,1
10664,1
12276,0
18393,1
6344,1
34027,0
20210,0
2520,1
12526,0
32869,0
15264,0
6934,0
1626,0
24772,0
25824,0
4487,1
31297,0
9628,-1
27718,0
40030,0
38006,0
32365,0
13997,-1
28045,1
6806,-1
2406,0
31720,0
19054,1
4549,0
6260,0
43622,0
41254,1
25585,0
19215,0
489,1
17903,0
37325,0
13107,1
16596,0
28729,1
29768,0
25598,1
42803,0
13149,1
26048,1
15283,1
4122,1
15013,0
30493,1
663,0
32498,0
4258,0
25789,0
36159,0
14740,1
6210,1
43319,0
29435,0
14961,0
1608,0
13977,1
29399,1
19697,1
39661,0
3706,0
25825,1
6268,1
5164,-1
12445,0
18629,0
6440,0
1834,1
23630,1
20244,1
29629,0
5742,0
10721,0
25305,-1
10729,-1
6854,0
4274,0
25903,1
28245,1
8370,0
85,1
4140,1
4185,1
37925,0
41424,0
8497,0
27398,1
30231,1
16946,1
5092,-1
25381,1
33473,0
34260,0
37974,0
13446,1
13537,0
28131,1
27165,1
18830,1
32288,0
84,0
19144,1
12347,1
10767,0
43903,0
14527,0
27109,0
14030,1
25379,1
14903,0
27831,0
11996,1
33224,0
36981,0
6790,-1
21943,1
20234,0
1459,0
33794,0
28587,0
5419,0
4062,1
39844,0
18785,-1
18418,0
2440,1
32134,-1
6916,0
10637,1
9667,0
21946,-1
37650,0
27302,0
13964,0
41660,0
29823,0
8631,-1
27304,1
43356,0
29590,1
26185,0
12237,0
30263,-1
41785,0
6927,-1
43281,-1
36202,0
6213,1
18967,1
28874,0
43552,0
9149,1
5480,1
5748,1
4145,0
35594,0
31409,0
24669,0
17078,1
11581,0
36100,0
24786,0
6124,1
18859,-1
29593,1
16798,1
24439,1
11712,0
24765,-1
35838,1
29725,1
49,0
12662,0
2232,1
23937,1
17698,1
28826,1
42664,0
5910,1
30252,-1
29928,0
15311,-1
4259,0
8971,0
11636,-1
12954,-1
1560,-1
4092,1
25996,1
38176,0
14004,-1
31138,0
20375,0
16538,1
32860,0
33580,0
32773,0
29406,-1
22896,-1
14680,-1
32725,0
3058,0
40040,-1
30724,1
583,1
22969,1
9597,0
17376,-1
42379,0
35078,0
33696,0
9724,0
36014,0
17115,0
5701,0
20365,0
25141,-1
24243,1
43219,0
44648,0
31445,0
11721,0
30071,1
12021,0
23991,1
41778,0
19729,0
5400,0
32628,0
37028,1
1564,1
18910,-1
34540,0
28991,1
2781,0
43029,0
29669,0
43624,0
4728,1
6212,1
11647,1
4377,0
8262,0
30619,1
40160,0
36009,0
9282,1
19080,0
3849,0
2719,0
25496,1
29926,0
34598,0
4496,-1
10724,1
26639,1
15095,1
41232,1
3139,1
26090,0
20261,0
10396,1
25424,1
17032,0
7100,-1
30531,1
30111,1
25411,1
39776,0
4561,0
36501,0
6915,1
26488,1
431,0
8819,0
8811,0
7129,0
1890,1
266,1
18473,0
40179,0
26757,0
21281,1
41016,0
30317,-1
10244,0
6655,0
34324,0
27170,1
26984,1
23725,0
13176,1
25300,-1
25494,1
4817,1
4402,1
26983,1
24775,1
20355,0
24301,0
224,-1
13441,1
2212,0
3549,0
16474,0
3508,1
16,1
26735,1
19173,0
28058,1
12830,1
13598,0
26284,1
4599,-1
26035,1
24095,1
24645,0
2575,0
13325,0
13008,1
34370,0
16712,1
27683,1
33016,0
2373,1
5935,0
7495,1
24233,1
26024,0
33710,0
29160,1
33080,0
20723,0
19090,0
35474,0
14801,0
18788,1
23568,1
3996,0
31849,0
43365,0
19288,0
36285,0
8666,0
14886,1
8628,0
41144,0
10561,0
4693,-1
1541,0
31367,0
13196,0
14657,1
43193,0
5063,0
14046,0
41023,0
24185,0
13569,0
27544,1
27195,1
18780,0
43734,0
20000,0
26798,1
40127,0
28062,0
11749,0
36834,1
820,1
25701,0
5056,-1
23916,0
9075,0
36040,0
38566,0
8066,0
24925,-1
2858,0
34169,0
23751,0
35679,0
13836,1
11770,1
42671,0
14638,1
12176,1
32859,0
532,1
324,1
16951,0
20301,0
20107,0
6417,0
37015,0
41229,0
203,1
38302,0
4591,1
9266,0
8701,0
40479,-1
28884,0
43258,1
12086,1
29366,1
9014,0
16929,1
7603,-1
19974,-1
14005,1
16250,-1
14045,0
21716,1
14486,1
8712,0
1779,1
33511,-1
29216,0
30976,1
26433,1
31074,0
32283,0
15146,0
29780,1
21749,0
6921,1
2669,-1
29461,0
26500,0
15359,0
18978,1
13252,1
39751,0
5632,1
13366,1
16747,1
12882,-1
3907,1
2376,0
18657,-1
42469,-1
29295,1
20553,-1
1527,-1
8653,1
18854,1
26790,1
37444,0
12252,1
6409,0
42359,0
26916,-1
16808,1
5821,0
33310,0
43752,0
3932,1
5732,0
16356,0
24562,1
30996,-1
5493,0
8680,1
25718,1
19663,0
9327,1
19160,0
29612,1
18806,0
15372,1
7168,1
39023,0
41025,0
10798,0
35053,0
20345,0
248,0
25883,0
14201,1
1680,1
8057,1
29619,1
39870,0
40195,0
41786,0
12962,0
25597,0
1955,1
25970,1
20733,0
18889,1
33832,0
27030,1
42398,0
21753,0
9817,0
13545,1
33815,0
12048,0
21743,0
2928,0
26353,1
16161,0
312,1
37187,0
23217,0
10677,0
25532,1
818,1
4490,1
13655,0
25048,0
1556,-1
4347,1
6388,1
5712,0
4706,0
36657,0
10024,1
17472,-1
23316,0
11929,0
25499,1
21764,0
24637,-1
9059,0
5074,-1
37997,0
32709,0
36130,0
29066,0
27451,0
20343,0
26796,0
35984,0
6223,1
7211,1
38890,0
24729,0
1232,0
25707,0
11574,1
6173,0
25399,0
2285,1
40149,0
26345,0
16981,0
5006,0
25420,1
8117,0
26880,1
14161,0
40183,0
10676,1
27952,0
9186,0
36879,0
28959,-1
27368,0
2692,0
26123,0
17954,1
4733,0
14093,0
17134,1
30250,1
5917,0
44527,0
20070,1
18621,1
1934,1
25673,0
44382,-1
33220,0
6964,0
16366,0
2372,1
4278,1
5936,1
30967,0
13014,1
6375,0
5047,0
29675,1
4279,1
10318,0
2047,1
3145,0
41291,0
5807,-1
1601,1
20421,0
4744,0
24758,-1
8430,0
31723,0
4761,0
16858,1
41037,0
4551,0
8286,1
6861,1
2562,0
27136,0
8662,0
17023,0
508,0
26275,1
43206,0
37035,-1
30209,0
43298,1
5241,0
28924,0
4645,0
30796,-1
13445,0
38152,0
26730,0
36246,0
21459,-1
1967,0
37091,0
23785,0
9211,0
41639,0
26114,0
31341,1
33478,0
37318,0
13068,1
13385,0
13369,0
23794,1
37374,0
30985,0
11792,0
44535,0
8799,0
24845,0
28188,1
4865,1
41249,0
8326,0
13710,1
21993,0
29613,1
12031,0
19329,1
13506,0
13251,1
37387,0
10826,-1
32791,0
9431,1
26666,1
31035,0
9060,0
35976,1
22860,1
30485,-1
21623,-1
20201,1
39607,0
6338,0
31448,0
15121,1
17848,0
6096,0
21011,-1
29291,0
17183,0
29878,-1
40452,0
18128,1
8545,-1
18907,0
4065,1
26087,1
4818,1
10173,-1
21688,0
20334,0
5947,1
14623,-1
31395,-1
31556,0
37607,0
10325,1
27167,1
40145,0
25457,1
26972,1
7737,0
2510,0
29198,0
36565,0
11927,1
40268,0
42319,1
12240,0
6414,1
9611,1
5972,1
38563,0
23780,1
35784,0
25341,0
41225,0
10358,-1
31581,0
14492,1
17243,1
198,0
29304,0
366,0
27984,1
43066,0
28892,0
30849,0
14254,0
32093,0
29531,0
19134,0
20041,1
32064,0
32117,0
2662,0
6843,0
448,0
38544,0
25123,-1
25309,1
3745,-1
27616,0
38179,0
16336,0
28089,1
28997,-1
17662,0
27043,0
24994,1
12007,1
12193,0
12460,0
14897,0
12736,0
13718,0
24005,0
15335,0
9591,1
8024,1
13236,1
23169,0
14691,0
37795,0
12209,1
32183,0
35017,0
24595,-1
27464,1
10779,0
19159,-1
16836,0
39785,0
12088,1
22639,1
12437,1
14467,1
31635,0
1951,1
11931,-1
13619,1
40248,0
9683,0
42869,0
19225,0
19141,1
14270,-1
37480,0
25980,0
20056,1
12001,1
4196,1
20331,0
5507,1
36124,1
41204,1
34184,0
30657,1
19075,0
22995,0
10585,1
43597,0
8959,0
11974,0
31615,0
33421,0
6906,0
43410,1
20240,1
5592,0
27116,1
33814,0
29705,0
17773,1
32880,1
26527,1
19119,0
14949,0
29979,1
33462,-1
704,1
41676,0
36355,-1
12544,-1
17139,1
4320,1
21700,0
129,1
25859,1
37476,0
38491,0
3346,0
17260,-1
30981,0
36465,0
8411,0
2578,0
31148,0
10097,-1
15494,0
8538,-1
26496,1
21101,-1
18032,1
2943,0
29918,0
14194,1
35079,0
6303,-1
32149,1
9582,0
8457,0
41850,0
4970,1
8006,0
38029,0
19799,0
30010,1
43337,0
16341,0
14186,0
38046,0
606,1
30097,-1
9207,1
38208,0
19396,0
40544,-1
25247,-1
25164,0
4536,0
10211,0
44399,0
14235,0
27808,0
29122,0
30182,1
42702,-1
27351,0
37728,0
19302,0
34266,0
11561,1
28248,0
21661,0
27385,0
33747,0
43076,0
29153,1
146,1
26843,1
3067,0
4438,0
28831,0
13278,0
38212,0
286,-1
37493,0
43051,0
32918,0
24954,-1
10644,0
27600,1
87,0
20983,1
18135,1
40400,0
26577,0
9741,1
18484,0
27509,-1
31292,0
28897,1
6902,0
30202,0
6186,1
40386,0
42554,-1
1442,0
37027,0
37123,0
40461,0
25663,1
20237,0
3700,-1
4893,0
44246,0
37753,0
27574,1
5405,0
28708,1
21288,0
25693,1
33186,0
1488,1
4644,0
9949,1
26392,1
12189,0
25894,1
42304,0
37327,0
16802,0
18929,1
29901,-1
2581,1
38510,0
29084,1
13693,1
36906,0
9448,0
36424,-1
283,0
19497,1
30819,1
8002,1
16628,1
27177,0
8004,1
26046,1
33585,0
21255,0
4826,1
30888,1
42250,-1
30019,0
15188,1
19249,1
30532,-1
4427,0
10197,1
17197,1
29528,0
5077,-1
27463,1
42826,0
4971,1
31715,0
37158,0
31042,0
20017,1
39771,0
5949,1
19714,1
8748,0
22051,0
3937,0
26447,0
44437,0
40125,-1
27349,1
16156,1
5537,0
37960,1
13001,1
19394,1
12878,0
4172,1
41165,0
4822,-1
12003,1
26924,0
30851,1
44371,0
491,1
8901,0
44329,0
23956,0
23994,0
9090,0
17054,1
13786,-1
31114,1
4034,0
7987,0
10067,1
6576,0
9588,0
7578,1
8630,0
39743,0
2832,0
13630,1
16706,1
26282,0
30430,-1
14615,-1
31165,0
26708,1
3756,1
20028,0
29204,0
29551,1
9961,1
18937,0
8764,0
25674,1
8523,0
14391,1
39908,0
9050,0
8498,0
22040,1
2560,0
18397,1
27506,1
35601,0
33771,0
14567,0
9326,0
32682,0
14103,1
30128,1
9276,1
21222,0
17171,0
4124,0
21126,0
41911,0
697,0
29761,-1
12010,1
20426,0
17276,0
41923,0
17155,1
10526,1
8358,0
26682,1
35996,0
10726,1
32936,1
12058,0
7942,-1
20660,1
5885,1
8149,0
4401,1
19019,-1
3971,1
40165,0
18757,-1
12162,1
32774,0
8131,0
14058,1
35616,0
2352,1
15021,-1
9084,0
37426,0
42668,0
26976,1
39851,0
36071,1
23936,1
17697,1
21586,0
8684,0
32775,0
7611,0
43346,1
5527,1
4961,1
7007,0
13156,0
26905,1
29003,0
10443,-1
42338,0
7537,1
13984,1
35776,0
25529,1
25899,0
9202,0
30000,0
42347,0
33976,0
26402,1
33452,0
31215,1
7042,1
11622,0
2025,0
33284,0
14898,1
21815,0
9884,1
26167,-1
40433,0
37372,0
19027,-1
26212,1
11751,0
25304,-1
677,1
36101,0
43945,0
13485,0
2788,0
30852,0
17714,1
32436,0
455,0
10799,0
5925,1
40759,0
26220,1
15384,0
7103,1
36078,0
28625,1
39009,0
29674,0
42575,0
38783,0
36845,0
4937,0
5488,0
38570,0
39824,0
19304,1
38993,0
6035,1
34366,0
14644,0
14576,1
42340,1
37060,0
6946,-1
25533,0
7052,1
24004,1
12139,0
41772,0
34512,0
40351,0
18099,0
31222,0
13638,0
209,1
10662,0
6981,1
36249,0
22130,0
37151,0
22132,0
37223,0
36966,0
3862,0
13958,-1
36850,0
14635,0
9596,0
37588,0
40262,0
19983,1
34017,-1
27437,1
26073,1
62,1
1992,1
26119,1
26221,0
12214,1
26884,1
42930,0
19189,0
36214,0
125,1
9699,1
21682,0
27685,0
253,0
36996,0
12596,0
37320,0
12381,0
12259,0
14107,0
12456,0
42357,0
41115,0
14900,1
18932,0
38760,0
37019,0
5722,0
5849,1
12417,1
34594,0
8480,0
848,1
14257,0
25520,0
30257,0
18774,1
31310,1
11413,0
26822,0
13548,1
18652,1
28133,1
2953,1
11544,0
19140,0
12575,0
26546,1
13893,-1
12095,1
12198,0
28836,0
30446,1
35980,0
25803,0
29141,0
39650,0
769,1
29905,-1
40207,0
17450,1
14533,0
44406,0
32165,0
6321,1
21677,0
2465,0
24992,0
168,0
8360,0
14622,0
31753,-1
27192,0
36611,1
43139,-1
31872,0
10102,0
8159,0
32506,0
39762,0
14482,0
16338,0
24997,0
31820,0
24178,0
39841,0
41286,0
16620,1
44697,0
4832,0
9155,0
5798,0
26502,1
37735,0
39528,0
9718,1
8095,0
26120,1
7045,1
27041,1
40971,0
10699,1
33278,0
10614,0
43625,0
11693,0
3557,1
41767,0
44005,0
26512,1
13182,1
38035,-1
13790,1
4803,1
26245,1
4432,0
27605,0
8706,1
25451,0
9773,0
26363,1
20614,1
24813,0
17075,1
29847,0
4820,0
3612,1
18829,0
14484,1
15158,-1
41480,0
6270,1
17478,1
11959,0
30534,1
23757,1
19422,1
32421,0
37241,0
41941,0
33558,0
38797,0
2797,1
27005,0
5942,1
30241,0
41987,0
1846,0
25571,0
20639,0
10351,0
34132,0
14232,1
1557,0
16174,0
32580,0
8166,1
34154,-1
14272,1
16537,0
13007,1
29829,1
9165,0
34506,-1
6271,1
29233,0
37168,1
16892,0
13775,-1
39673,0
20551,1
5233,1
22729,-1
24049,0
18931,1
17019,0
10263,-1
9032,0
25645,0
29247,0
16663,0
6841,1
28109,0
19118,0
26700,1
31814,0
30371,-1
5812,-1
27010,1
35963,0
34492,-1
6005,1
20836,1
30782,1
1638,-1
8367,0
27654,1
36462,0
13254,1
16740,1
36656,0
33340,0
8053,1
14821,1
2884,0
25916,1
13508,1
38083,0
22080,0
8320,0
27427,0
26436,1
16618,0
9102,1
32734,0
25125,0
41235,0
2529,1
6873,0
9811,1
30789,1
17141,0
33763,0
41992,0
30242,-1
37963,0
33529,0
8381,1
24513,0
2298,1
37279,1
30464,1
20266,1
2251,0
36273,0
6370,1
29782,-1
36094,0
20622,1
11575,0
26981,1
17101,0
2152,1
43128,0
7323,1
18440,1
37227,0
39780,0
24902,1
10635,1
18170,0
38820,0
43073,0
39996,1
9679,0
44401,0
29419,1
3906,0
17973,-1
7165,0
44475,0
21791,0
13386,1
6967,1
26709,1
32874,0
6974,-1
8101,0
12092,0
27824,-1
20248,1
8980,0
336,1
10632,1
23678,1
13429,1
12476,0
17622,1
26260,0
25729,1
16777,1
26882,-1
13983,1
12990,0
24755,-1
23951,0
9347,1
2837,1
4853,0
42986,0
8591,0
505,1
10058,1
16696,1
6302,1
24793,0
15334,0
9025,1
39420,0
18776,0
4361,1
37047,0
11784,0
8749,0
14043,1
516,1
37334,0
37990,0
2469,1
38211,0
43330,0
680,1
8014,1
4270,1
42402,0
23153,1
44200,0
12278,0
12185,0
488,0
41691,0
13929,-1
38597,0
30382,1
42793,0
25490,0
4232,1
29931,-1
21252,1
5004,1
14266,0
24634,-1
22631,1
43331,0
35551,0
30133,-1
34189,0
715,1
26001,1
29489,1
26987,1
14135,1
671,1
15422,0
14416,0
15118,0
20242,1
13327,1
36011,0
11973,1
3251,-1
27071,1
10446,1
34486,0
21362,1
32099,1
22875,1
16806,1
19401,1
7551,1
33870,0
14914,0
18302,1
19685,1
13212,0
30874,0
2105,1
36840,0
38853,0
4074,1
35636,0
5616,0
7993,1
35507,0
33836,0
43459,0
29400,-1
18497,1
108,1
342,0
34051,0
26746,0
17952,0
30461,1
39513,0
3258,0
16333,0
13145,1
24293,0
21995,1
25269,0
13972,0
30460,-1
32926,0
35611,0
22114,0
14868,1
1908,1
6991,1
20066,1
17711,0
25454,0
3968,0
15239,0
40360,0
9030,0
28065,1
36943,0
5854,-1
29836,-1
17030,0
31903,0
12940,0
5721,0
34360,0
27438,1
43814,0
26583,1
8276,0
11969,0
30112,-1
37354,0
2887,0
33982,0
39890,0
16526,1
20022,1
755,1
30742,0
30858,1
1628,0
24007,1
13681,-1
5581,0
12063,0
7977,1
7228,0
16972,0
44256,0
17161,0
43586,0
24084,1
43288,0
16723,0
12676,0
29690,0
18877,0
26691,0
23124,1
12772,0
26718,1
18649,1
7223,1
15049,0
43061,0
824,1
13342,1
6945,0
34395,0
32118,0
5500,1
24829,-1
38346,1
41689,1
34553,0
19362,-1
13970,1
38498,0
44214,0
14139,-1
6846,0
36149,1
36453,0
32437,0
38141,0
791,-1
2390,1
5579,1
10209,-1
31787,0
3850,1
44444,0
136,1
44526,0
39031,1
4314,1
6006,1
12398,0
32919,0
35503,0
20179,0
8727,0
23362,0
31802,1
27013,1
6244,1
37924,0
34387,0
40102,0
17859,1
1546,1
1966,0
4293,1
35907,0
1964,0
33081,0
31785,0
36325,0
5908,-1
43577,0
5703,0
38549,0
20072,1
12228,1
19666,1
33926,0
7417,0
18040,1
20205,1
32875,0
27325,1
38674,0
36392,0
5911,0
42694,0
37644,0
7143,0
34335,0
43266,0
6287,0
37962,0
13854,0
37139,0
2438,0
10258,1
17897,0
2202,0
19309,1
32116,0
37377,0
2889,0
29195,1
41931,0
5660,0
22071,0
14785,0
29951,0
13635,1
41139,0
723,1
32499,0
568,-1
830,1
14362,0
41505,0
44579,0
27264,1
37799,0
40143,0
16308,1
34402,0
20358,0
16749,1
21446,0
37724,0
17105,0
16647,1
42367,0
2157,1
28096,0
39530,0
1903,1
26352,0
19316,1
10602,1
29991,-1
16309,0
12307,0
5593,1
42436,1
23643,0
40096,0
24304,0
21884,0
14401,0
38575,0
4827,0
2319,1
42311,0
8025,1
23849,1
27239,1
15125,0
12149,1
3103,0
43656,0
24724,-1
8487,0
37639,0
10686,0
41268,0
11657,-1
8877,0
30746,0
40174,0
32903,-1
17466,0
25407,0
15313,0
44040,0
15529,1
18703,-1
547,1
25306,0
36067,0
2304,1
12197,-1
12067,0
4799,0
44024,0
10442,1
30005,1
11994,0
12397,0
19692,0
38112,0
40372,0
28926,0
44470,0
5635,0
14902,1
27620,1
16973,1
29911,1
38287,0
4434,0
30850,0
4518,0
8022,0
1905,0
2345,1
26898,0
7019,-1
3611,1
41049,0
37142,0
9511,0
12311,-1
31706,0
16479,0
4435,0
39861,0
35987,0
29465,1
26944,0
7021,0
38012,-1
18414,0
18852,1
8399,0
23087,0
25321,-1
4548,0
22043,0
26827,1
26056,0
2854,1
2355,1
31368,-1
29241,0
22946,0
9906,1
9382,0
42259,0
23651,0
23818,1
39014,1
513,1
33451,0
36181,1
12778,1
38187,1
25176,0
37977,0
24045,-1
30700,0
2192,0
26278,0
6276,0
29313,0
7544,0
13550,1
22748,1
43467,0
15358,0
16617,0
3134,0
17270,-1
16754,1
44720,0
746,1
24735,0
30219,0
34268,0
40066,0
2033,0
32485,0
24069,-1
1811,0
8207,0
30368,1
20109,1
44531,0
43395,0
27040,0
11666,1
27074,1
14546,0
36744,0
28014,-1
9577,-1
24647,-1
32780,0
10536,1
3351,0
8991,0
16807,1
9584,0
14329,0
13367,0
42332,0
12922,1
20170,0
44503,0
38023,0
4244,1
21428,-1
41275,0
37985,0
23628,1
1801,-1
44087,0
37794,0
33082,0
26572,0
23440,0
134,1
28102,1
10795,1
42614,0
2426,0
8770,0
12242,1
28648,1
32106,0
12516,0
22703,1
3065,1
26346,0
42430,0
29436,1
31378,0
392,1
43671,0
9473,1
23125,0
5276,0
10796,1
23532,1
32113,0
37950,0
5697,1
21118,0
21723,-1
13088,1
41107,0
2324,1
2737,0
750,1
18796,1
42475,0
8369,0
5155,1
12179,0
8299,0
5585,0
34262,-1
1774,1
6923,1
12451,0
10426,0
29601,1
2286,0
37905,-1
32318,0
4962,-1
39812,0
15018,-1
8520,0
17929,-1
32756,0
6362,1
41665,0
14056,1
38831,0
8818,1
24670,0
30723,0
28933,1
14774,1
15204,1
34032,0
41592,0
31155,1
41925,0
33096,-1
27493,1
42377,0
32432,0
26113,1
29388,1
10028,0
43563,0
27089,1
26005,0
10240,0
37983,1
14130,0
12870,0
28913,1
17088,0
1829,0
26826,0
14415,-1
18926,1
22662,1
31612,1
9782,0
35100,-1
36624,1
713,1
37793,0
32158,1
12623,0
6749,0
31393,0
30143,1
5358,0
30559,0
32690,0
12490,1
40181,0
8949,1
4020,1
25875,1
18768,0
41672,0
10469,0
16718,0
14077,1
28950,1
18874,0
47,1
5845,1
31366,-1
22648,1
8224,0
9120,0
9621,0
14558,0
40960,0
9185,1
2368,0
29766,1
9280,0
17163,0
38388,0
29826,0
13730,1
5566,0
5714,0
1647,1
22699,1
5927,0
11849,1
16722,0
23304,1
53,0
25985,1
37579,0
5031,0
37033,0
12016,0
19122,1
20405,0
30313,1
40747,0
4494,1
35661,0
25761,1
41912,0
10646,-1
29500,1
31691,0
23477,1
6327,1
30486,1
269,1
11934,0
4071,1
9218,0
35081,0
20103,0
25675,1
15186,0
39856,0
15502,0
24949,0
25596,1
12324,0
39271,0
40035,0
20696,-1
44480,0
30053,-1
37645,-1
19193,1
14766,0
10215,1
12969,1
18300,1
30956,0
24260,0
30328,-1
802,1
15412,-1
33384,-1
23688,1
23398,0
27972,1
42373,0
12474,0
14859,1
29361,0
16687,0
32629,0
7004,0
20935,1
8198,0
24530,0
3098,-1
12070,0
17255,1
5089,0
33974,0
26591,0
14108,1
26472,-1
19064,0
6099,0
4741,0
37070,0
1674,1
37048,0
453,1
16924,1
26059,1
19786,1
8039,1
26774,0
18121,0
27238,1
18225,1
12163,0
38561,0
12488,0
39909,0
29444,-1
18786,0
2567,0
7559,0
37471,0
35899,0
31713,0
10076,0
10002,-1
24404,1
22791,1
14544,0
35111,0
5687,-1
42391,0
22695,1
20899,0
18802,1
601,0
10749,-1
40117,0
25203,1
2069,1
13351,0
27599,0
36146,0
15097,0
13471,0
34214,0
13067,1
26738,0
16280,-1
35853,0
32430,0
29457,1
32748,0
6059,1
12027,0
12411,1
4712,1
16311,0
36419,0
11930,1
853,-1
23694,1
13069,1
79,1
25613,0
2269,-1
23289,1
29237,0
2917,1
39039,-1
23040,1
16935,1
12743,1
26336,1
6433,0
7066,-1
31343,0
21310,0
11680,0
25190,1
32757,1
31002,0
5426,1
14463,1
32148,0
16610,0
1486,1
28999,0
21886,0
37362,0
43394,0
44141,0
11535,0
30765,1
43211,0
31357,0
16727,-1
15201,1
13856,1
321,1
18651,1
16300,0
34143,-1
1736,1
20114,0
28406,-1
43294,0
6246,1
8226,0
12367,0
27502,1
33573,0
40997,-1
27003,1
4686,0
38465,0
29753,1
9103,1
12351,0
36522,0
346,0
18938,-1
33341,0
37468,0
2492,0
27866,1
43018,0
8078,1
38270,0
9998,1
13044,1
10654,0
9482,1
6254,0
40530,0
27768,1
4507,1
1684,-1
34372,1
26358,1
33581,0
33125,0
14758,1
11562,0
34333,0
24636,0
37552,0
661,1
42533,0
43700,0
1746,0
4740,0
25391,1
2067,0
6587,0
42756,0
29486,-1
16886,0
24572,-1
28162,1
14072,1
29622,1
25634,1
4088,1
23935,1
5197,0
21068,0
14280,0
4702,1
23156,0
13632,1
18875,1
44202,0
30578,1
4009,0
15298,0
20013,0
21728,-1
1445,0
292,1
8910,1
34998,0
20617,1
10684,1
38833,0
37641,0
35642,0
29093,0
4814,1
25959,0
16835,1
24863,1
14454,1
9435,0
24591,1
2720,0
132,1
37779,1
12780,1
11737,1
38906,0
15432,-1
22747,1
6775,-1
38573,0
25405,1
43910,0
22017,0
6562,-1
42561,-1
19339,0
6996,1
44501,0
11907,1
17154,1
5863,1
18268,1
43562,0
6410,0
41018,0
407,1
9481,0
3544,0
8416,0
41148,0
28107,1
20543,-1
37427,0
3298,1
32733,0
11743,0
27363,0
1852,1
28901,0
36633,0
36163,1
11750,0
4608,0
25715,0
36747,0
13994,1
4022,1
24639,1
2668,0
2978,0
1836,1
5769,1
16713,1
17187,1
13110,1
14298,1
23152,1
9759,0
39570,0
31773,0
9654,0
31277,0
7183,0
25868,1
33369,0
35528,0
244,1
14531,0
32770,0
9087,0
35905,0
26224,0
9253,1
12905,1
1857,1
13005,1
29338,-1
26611,0
21779,0
43732,0
41774,0
7140,1
26215,1
37635,0
27340,1
17635,0
25623,1
4392,1
36044,0
9039,1
2869,1
12582,0
31739,0
41024,1
2056,0
9471,0
22006,0
20254,1
31822,0
13061,1
6222,1
10472,0
21811,-1
9333,0
13945,-1
37850,1
12795,0
5561,0
19033,1
33455,-1
25222,1
43291,0
5042,1
9390,-1
20388,0
6437,0
16319,1
5330,1
8228,0
33231,0
24409,0
31413,0
31862,0
18183,-1
29503,0
3999,0
4327,1
3972,-1
8049,1
25871,0
42329,0
18188,1
7208,1
5326,0
6224,1
20171,-1
18160,1
23998,1
20629,1
16602,0
2403,0
14610,1
25366,0
13899,1
28817,1
5756,0
18646,1
41281,0
21785,0
6273,1
22698,1
9928,1
41638,0
24888,0
40936,0
2885,0
9760,0
36423,0
3087,0
12391,1
23134,0
22046,0
33242,0
16943,1
36932,0
16165,0
14675,1
26722,0
31028,0
31435,0
124,1
31295,0
6407,0
29699,1
3062,-1
12891,0
5335,1
6969,0
9786,0
7169,1
25595,1
13749,1
41685,0
10257,1
37627,0
8603,0
17669,1
38190,0
27134,0
42307,1
17256,0
39004,0
30205,-1
12175,0
19980,1
25737,0
26845,0
33189,0
2432,1
13048,1
25776,1
30803,1
33955,0
4331,1
372,1
2081,1
16957,1
15044,0
13243,1
24701,1
18973,0
5553,0
27809,1
27830,0
61,1
26171,1
35500,0
31652,1
16880,1
33008,0
3986,1
18989,-1
40660,0
3197,0
41079,0
8673,0
38276,0
2347,1
37801,1
26425,0
6922,0
30987,0
24000,1
4344,0
18046,1
2434,1
4627,0
5510,1
6889,0
8069,0
43343,0
28183,1
29843,1
34060,0
12927,0
9952,1
4460,1
26994,0
17880,0
37431,0
9094,0
5408,0
37548,0
39766,0
10840,1
19086,1
41921,0
10439,-1
4946,0
22096,1
454,-1
32392,0
21110,0
2018,0
38486,0
26027,1
9222,0
19252,-1
41697,0
681,1
5749,0
31302,0
36058,0
10609,0
11837,-1
42508,0
28822,0
17463,0
29492,1
42272,0
6955,0
26397,1
6312,0
34463,0
8912,0
9510,0
14916,-1
27382,0
0,0
8376,1
5373,1
43995,0
7973,-1
28835,1
13420,1
12161,1
29481,-1
33730,0
20480,1
19950,1
26720,1
14815,1
12286,0
24861,-1
23918,0
13923,0
6947,0
33401,0
8429,0
14507,0
826,1
20420,1
22055,-1
12017,0
12407,1
16601,0
1568,1
41796,0
5589,1
2786,1
30467,0
2725,0
37054,1
30227,0
39656,0
1858,0
26202,1
18644,-1
12219,0
33629,0
36941,0
35540,1
196,-1
18936,-1
4096,1
17240,0
16878,0
29202,0
30026,-1
27917,1
21649,0
26371,1
20477,0
38045,-1
17727,0
30237,0
26556,1
5871,0
39774,0
5663,0
6195,1
19578,1
32653,0
12317,1
36340,0
37845,0
37853,0
21896,-1
29007,1
20023,0
6232,0
20211,1
14450,0
14028,0
20678,1
37146,0
28569,0
5573,0
30033,0
9457,1
20309,1
30221,-1
42413,0
38118,0
40105,0
33472,0
38576,0
25230,1
7482,0
35037,0
38710,0
31755,-1
27930,0
21860,1
28349,1
5043,-1
36595,0
27311,1
30144,-1
26023,1
293,1
35656,0
43190,0
21635,0
24206,1
25437,1
37778,1
29921,1
33477,0
43979,0
9194,0
370,1
6392,-1
8258,1
20219,1
30065,0
4486,0
26297,-1
42270,0
13469,0
8325,0
4738,-1
13050,1
37624,-1
4750,1
10752,1
4797,-1
31421,0
35511,0
549,1
40176,0
16725,0
42481,-1
9685,1
19332,1
37249,0
9824,0
43668,0
34265,0
20293,0
29778,1
30044,-1
22115,0
376,0
8629,0
26184,1
4986,1
25588,0
37948,0
18155,1
21964,-1
2439,1
26036,0
37525,0
6196,1
25091,1
4880,1
31940,0
18386,-1
33262,0
6152,1
12816,0
30502,0
2863,0
38994,0
26784,1
2210,0
5643,1
38719,1
4813,-1
24738,-1
23307,0
19420,0
27651,1
9794,0
13026,0
17119,1
21954,0
2627,1
44719,1
40959,0
43603,0
13670,1
39021,0
12326,0
31561,0
5916,1
4631,1
44032,0
12238,0
517,1
21660,0
5347,1
24414,1
13591,1
9555,1
29692,0
35942,0
29292,0
9302,0
36433,-1
17953,1
5836,1
36524,-1
12574,1
40004,0
8717,1
19558,0
30685,0
38310,0
25731,0
25603,1
1804,1
3962,0
2214,1
19230,1
20422,1
5932,0
32656,0
19085,0
29182,1
1960,0
37138,0
7016,1
40381,0
40525,0
32088,1
31660,1
4358,1
4133,1
26701,1
32708,0
7150,1
23271,0
9127,0
38121,0
27933,1
36342,0
29161,1
25326,1
12152,0
26453,1
9894,1
36716,0
6159,-1
3096,0
30649,1
6122,1
42774,-1
27436,1
14872,0
9296,1
18176,0
28112,1
19165,1
9006,1
41664,0
29335,1
8868,0
10521,1
26030,1
1587,1
31727,0
18961,0
31547,0
35886,1
34661,0
25668,0
30040,0
29397,1
1505,1
11923,0
36418,0
26493,0
43741,-1
30411,0
4908,0
867,1
8065,1
5979,1
12109,-1
17900,-1
26474,1
14738,0
25754,1
26055,1
17233,0
33599,0
8363,1
5353,0
2534,0
33292,0
29922,1
12002,1
30420,1
30363,0
3082,-1
2122,1
21878,0
42617,0
29640,1
14630,-1
38706,0
17230,1
4789,0
29975,0
17926,0
13504,0
7146,0
28846,0
14984,0
65,1
17,0
10653,0
38332,1
36448,0
37637,0
8447,1
13198,0
3800,0
35130,0
21087,1
38014,0
43590,0
5991,1
21657,1
42940,0
26681,1
19073,0
560,1
30978,0
34244,0
20034,0
39610,0
30298,0
9575,0
13726,0
4243,1
14796,1
19764,-1
10170,1
41526,0
2455,0
36054,0
40825,1
6255,0
39953,0
31196,0
8823,0
41047,0
27281,1
2702,0
41030,0
2688,1
14363,0
35943,0
43824,0
29363,1
11772,0
14885,1
32655,0
26045,0
26885,1
6367,1
6895,0
40954,0
27127,1
13830,1
1773,1
12247,1
13055,1
21699,0
18641,1
12987,1
14739,1
1617,1
18106,1
13135,1
4471,0
703,1
2582,1
37659,0
40092,0
9166,0
40458,0
16428,0
27252,1
5469,0
32879,0
9308,0
16855,1
41272,1
37287,-1
29516,-1
33043,0
34835,1
20320,1
7133,1
25020,0
39448,0
3118,0
1816,1
12868,0
24704,0
21620,0
4201,0
7621,0
8068,1
13715,1
30356,-1
21826,0
6179,1
22136,0
44018,0
36885,0
18997,1
25860,1
5310,0
42439,0
21824,0
40438,0
44037,0
18095,1
17976,0
37079,0
26132,0
18857,-1
33886,0
4467,0
36665,0
4067,1
24418,0
22738,0
41146,0
39902,-1
35542,1
42910,0
18412,1
5496,0
14891,1
8240,1
5519,0
32944,0
15216,0
18599,0
1820,1
9754,0
9338,0
26630,1
11533,1
15436,-1
31827,0
5939,1
23759,0
32692,0
5734,1
33389,0
39491,0
43318,0
43362,0
8407,0
9624,0
27686,1
9846,0
25826,1
2746,0
2553,1
38088,1
13065,1
37692,1
30030,0
4665,1
37819,1
35,1
5123,0
37592,0
26726,1
42623,0
26684,1
40053,0
17909,1
10044,1
41269,0
1216,1
29656,0
18594,-1
31469,0
20739,0
39675,0
39617,-1
22013,0
25418,0
13035,0
21250,-1
13707,-1
1596,0
24815,0
14913,-1
6912,1
23522,1
42641,-1
43221,0
18216,1
12036,1
9866,0
12464,1
27924,0
16991,1
31416,0
31617,0
18838,0
17861,1
4335,0
31197,0
39788,0
13451,1
43276,1
34207,0
8518,0
28210,1
11815,0
21825,0
18220,1
43012,0
14169,1
14282,0
37539,0
1682,-1
43893,0
29167,1
13277,1
6322,1
25828,0
16379,0
34479,0
32794,0
30109,1
26018,0
12775,0
37520,-1
16986,1
34157,0
3170,0
18037,1
19292,0
18841,0
38803,0
40948,0
24303,0
29384,1
24914,-1
40068,0
30607,1
8537,0
15,1
10562,0
4958,-1
6928,-1
21303,-1
36459,0
10444,1
10597,1
8784,1
6874,1
39782,0
42287,0
14909,0
32633,0
9485,0
477,1
16730,1
17340,1
24071,-1
29598,0
39889,0
28573,1
5240,0
26932,1
26892,0
42594,0
29654,-1
33139,0
5752,0
10613,1
33553,0
12494,1
43591,0
16649,1
1989,0
1295,1
32722,0
10090,0
36060,0
42234,0
36636,0
14434,1
9834,0
14824,1
29729,0
31776,0
38043,0
25245,0
40887,0
14541,-1
43663,0
30997,0
9304,0
5965,1
6242,1
14654,1
37167,0
25236,1
23142,0
9258,0
36931,0
13049,1
40399,0
33370,0
42677,-1
4593,1
25927,0
30798,-1
20162,0
9840,0
12505,1
1886,1
586,1
4942,0
19264,0
26437,1
26116,1
9071,0
44691,-1
21916,1
32542,0
2183,1
21792,0
16236,-1
581,1
5922,1
42390,0
26852,0
12964,0
20618,1
20484,1
37072,0
19994,-1
18417,-1
8966,0
41517,0
25007,1
4845,0
43615,0
40820,0
5650,0
22369,-1
14537,0
27397,1
35019,0
14102,1
41623,0
19311,0
32369,0
8126,0
24486,0
25154,-1
9135,1
14827,0
2237,1
9404,-1
2495,1
2912,1
36746,0
28114,1
18671,1
9299,0
12236,0
26526,1
18837,0
24659,0
30032,1
8892,0
25670,1
43408,1
7029,1
30615,1
9774,1
27513,1
18267,1
41791,0
10592,0
30102,-1
13059,1
3724,0
576,1
24258,1
26026,0
19296,0
41840,0
42948,0
10301,1
3040,0
2511,0
30234,-1
29891,-1
23636,0
31388,0
12145,1
13783,1
22720,1
44514,0
43592,0
596,1
42627,0
12754,1
29455,1
29505,1
667,1
3154,1
7254,0
40075,0
25590,1
4108,1
31311,0
10500,0
4454,1
12605,1
33065,0
31817,0
9183,0
34190,0
6419,0
22742,1
14381,0
26736,1
30362,0
9144,0
27184,0
17654,-1
4075,1
26770,0
37814,0
33388,-1
30984,0
41777,0
13852,1
16954,0
14911,1
26832,0
23167,1
15424,-1
30738,1
38107,0
20347,0
9399,0
25931,0
443,1
10425,1
42396,0
13021,0
42375,0
10429,1
2208,0
41086,0
7369,-1
39224,0
12744,0
26883,0
21379,0
10176,1
14485,1
9397,0
33022,0
14419,1
36135,0
43243,0
1904,0
7991,1
40104,0
41006,0
26926,0
35104,0
16244,0
6044,1
19017,-1
27523,0
40129,0
43332,0
21872,-1
13578,0
24714,-1
16653,0
33072,0
26178,1
8336,1
29876,1
9198,0
32798,0
34347,0
19360,1
34488,0
29499,1
31468,0
35630,0
6382,1
24927,0
28442,1
42802,0
3501,0
14642,1
4612,1
24127,0
5034,1
13434,1
43054,0
4340,1
2078,1
13943,1
20306,-1
25911,0
8184,1
12018,1
12213,0
24391,1
36081,-1
8664,0
36250,0
30285,1
40976,1
20054,-1
21912,1
36270,-1
10315,0
29452,1
14857,1
44654,0
17705,-1
17109,0
30015,0
18139,0
12827,-1
24945,1
27078,1
12818,0
20086,1
33666,0
5646,0
18884,1
31757,0
5226,-1
2195,0
16182,1
40107,0
24644,0
26960,0
396,0
31108,0
32518,0
37472,0
28478,1
9857,0
14313,0
37933,-1
6722,0
14101,1
27815,0
13605,0
9525,0
8501,-1
9420,-1
18196,1
43502,0
5621,0
42353,0
26763,1
23920,1
35212,0
20796,1
25919,1
35622,1
22632,0
27470,0
14745,1
9330,1
5143,1
6148,1
26285,1
18503,0
13025,1
180,1
9911,0
40633,0
27932,1
36711,-1
14795,1
27536,1
32404,1
25988,1
22956,-1
40114,0
17659,0
459,1
21880,0
6330,1
43628,0
16589,0
19034,0
41806,0
26317,1
3995,0
11607,0
9017,0
6045,1
4620,0
35472,0
30450,1
36452,1
34416,0
18719,1
37486,-1
11939,1
43414,0
35538,0
9705,1
10714,1
17813,0
40258,0
16771,1
17227,-1
33210,0
5590,0
36063,0
14606,1
6107,1
44333,0
27747,0
27344,0
25759,1
31670,1
29077,0
13960,-1
21734,0
14127,0
24784,0
27220,0
2216,1
32659,-1
9356,0
8389,0
9658,-1
37741,-1
14851,1
13773,0
289,1
31675,-1
31208,1
29408,1
26957,1
21518,1
760,1
37809,0
29732,-1
1766,1
4463,0
26190,1
34646,0
29661,0
9550,0
37351,1
41513,0
25189,0
27265,1
7135,0
10025,0
9999,1
30201,-1
463,1
9307,0
14015,0
11625,0
8339,0
185,0
25798,0
2481,1
21158,0
41132,0
12995,0
43778,-1
10392,1
5025,-1
25447,1
20847,0
20887,0
16898,1
17863,0
19147,-1
33383,0
42609,0
43020,0
8504,0
35072,0
29055,0
11603,1
10758,1
10808,1
32695,0
40178,0
38637,0
28091,0
18748,1
36857,0
13950,1
7087,-1
8483,0
21714,0
6305,0
34129,1
21854,0
36451,-1
27896,1
13363,1
43129,0
27946,1
2540,1
37141,0
9919,0
37228,0
3371,-1
24359,1
8975,0
37089,0
40023,0
20750,0
29544,1
25514,1
21576,0
37225,0
26291,1
2423,1
37078,0
39801,0
27140,1
13314,1
34870,0
14743,0
2294,1
17921,0
14549,1
527,1
32922,0
8699,0
8084,0
25199,0
20318,0
29099,-1
23547,0
19366,-1
42385,0
8512,0
4228,-1
7027,0
35624,1
32638,1
13720,1
17791,0
13404,1
14951,1
42653,0
1915,1
32192,0
4564,0
11713,-1
18309,0
782,1
18324,0
5900,1
13425,0
24519,0
30369,-1
40194,0
29209,1
40097,0
13264,0
38329,-1
26384,1
14682,0
8688,1
25904,1
8995,0
4516,0
14400,1
8736,0
26703,1
27337,0
38393,0
10690,1
30557,1
32760,0
22104,1
29064,0
6343,1
39674,0
17671,0
17294,-1
6172,1
6114,0
29170,0
14685,1
13973,1
24887,-1
9421,1
30080,-1
31471,-1
42378,0
26322,1
19115,-1
13626,0
21465,0
30238,1
37400,0
11844,1
13450,0
2594,0
9350,0
44231,0
8243,0
26810,0
12046,0
9317,1
26719,1
20363,1
39839,0
9799,0
10333,1
4498,1
16682,1
16938,1
36485,0
37335,0
26162,1
11845,1
421,0
13920,0
8718,0
12497,1
32736,1
16776,0
38742,0
27429,-1
17830,1
43854,-1
247,1
9816,1
31355,0
5980,1
4727,1
10573,0
14406,0
5988,1
43047,0
23686,0
38295,0
7152,0
22817,0
6043,1
41078,0
13359,0
13562,1
728,-1
19181,1
34871,0
41906,0
5796,1
31163,0
9964,0
384,1
27126,1
26674,1
34385,0
27898,0
1806,1
13847,1
28257,1
8850,1
4107,0
21357,0
19139,0
15547,1
320,-1
12921,1
4004,1
24799,0
41075,0
12723,0
2166,1
31852,1
27373,0
39048,0
41959,0
18955,0
26595,1
31478,0
10786,0
31460,0
5543,1
30254,-1
12362,1
16864,0
2501,0
1812,1
29984,0
36154,0
20778,0
16627,1
18111,1
9788,-1
27222,1
43127,0
6877,1
10730,1
43080,0
14574,1
18411,1
29539,0
40037,0
18888,0
30554,0
13324,0
10192,0
18098,0
6548,1
29630,1
37005,0
26002,1
8607,0
10268,1
1797,0
8988,0
12380,1
31747,0
26727,1
807,1
37699,0
43919,0
11800,0
21355,0
32239,1
1833,1
43476,0
27267,0
16984,1
24030,-1
6185,1
17465,0
38339,0
15248,1
29691,1
22137,0
5737,0
2536,1
35718,0
3923,1
42652,-1
20052,0
6771,0
24852,0
43565,0
20160,1
16786,1
27082,1
13267,1
27707,1
29049,1
780,-1
29341,0
26201,1
26992,1
32131,0
23931,1
30753,1
3861,-1
8805,0
10755,1
21810,0
30660,1
7475,1
31567,-1
18972,1
31845,0
20046,0
31446,0
29828,-1
15393,1
44181,0
9142,0
15388,0
36791,0
25335,1
13859,1
30189,0
38985,0
23600,1
344,1
15000,0
635,1
27441,1
20476,1
41493,0
13045,1
41130,1
27460,1
20478,0
21064,0
13070,1
29585,1
5577,1
1551,1
16629,0
16603,0
37403,0
7108,0
16264,0
26838,0
16877,0
20263,1
28048,0
12645,0
29447,1
5126,1
33430,0
793,1
25507,0
25506,1
17278,1
174,1
2141,0
41659,0
3845,0
14878,1
30548,0
9733,0
12963,0
27546,1
39592,0
34466,0
21904,0
41678,0
9455,1
31339,0
22685,1
19770,1
16408,-1
29497,1
42242,0
20755,1
26412,1
31020,0
6963,-1
10117,0
13482,0
21622,0
25851,1
18625,1
31752,0
29621,1
14818,0
27457,0
30340,1
32861,0
38689,0
10160,0
31558,-1
35651,0
43618,0
2325,1
17692,1
1718,0
26063,1
25983,0
26110,1
23484,-1
15510,0
29700,1
4035,0
16197,0
12509,-1
16609,0
38068,1
35665,1
25630,0
5259,-1
3839,1
21963,1
5888,0
19378,0
27314,-1
32678,0
10252,0
31884,0
36406,0
30645,1
4569,1
29494,1
38771,0
23826,-1
348,-1
19005,0
26280,1
18627,1
20643,-1
19098,0
30497,1
16767,0
43192,0
3987,1
13172,1
17640,0
18975,0
30708,0
19986,1
22022,0
42640,0
6307,1
1734,1
8080,0
10831,0
13934,1
2084,0
8185,0
3149,0
33015,1
40462,0
21485,1
36878,0
25444,1
40467,0
28103,-1
31632,0
36658,0
19238,1
29949,0
26829,1
9328,1
5473,-1
28371,0
8291,0
40062,0
4565,0
7009,0
42731,0
40733,-1
8225,0
7633,0
41250,0
20161,1
24197,-1
43792,0
5570,1
10823,1
36674,-1
22709,0
39057,0
13838,1
9691,1
20848,-1
8536,0
44248,0
38019,0
39842,0
4050,-1
12202,1
39777,0
18935,1
41619,0
32762,0
39025,1
5840,1
4785,0
34963,0
18892,1
17059,-1
31016,0
15276,0
11653,0
43745,0
27452,-1
39974,0
30442,1
34675,0
3121,1
14123,0
13280,1
29634,1
4292,1
15046,1
40977,0
130,-1
19982,0
9373,-1
39401,1
10477,0
29305,0
18781,0
44392,0
212,1
37515,0
21741,0
14074,1
5767,0
1516,1
4082,1
21687,0
27410,-1
188,0
2698,-1
25642,1
40168,0
13124,1
41965,1
14119,0
33796,0
24231,0
2710,0
4983,0
6274,1
29079,0
32517,0
13833,1
44217,-1
13807,0
24114,0
5659,0
19109,1
25282,-1
28172,1
39510,0
6798,-1
39906,-1
8600,0
34097,0
38885,0
5760,0
43989,0
11914,1
12433,0
28932,0
36623,0
14403,1
43472,0
6262,1
14193,1
16294,-1
13157,1
38555,0
14311,1
39554,0
31568,1
21830,0
19562,0
30183,-1
13274,0
1789,1
36971,0
12426,0
34513,0
27420,1
44441,0
24855,1
28135,0
42989,0
21827,1
17904,1
35640,0
25409,1
26486,1
14140,0
16612,1
26401,0
35755,0
38263,0
33687,-1
5904,1
26799,1
11703,0
24348,1
26372,1
6864,1
25308,0
23632,1
33751,0
10230,1
731,1
32915,1
37007,0
18813,1
11563,1
10728,1
10770,0
13391,0
27699,1
9113,0
40996,0
41279,0
13461,1
16985,1
25863,0
39887,0
31696,0
8808,0
20286,0
7998,-1
9607,0
9226,1
33434,0
2783,0
37071,0
30848,0
12248,0
3390,0
15343,1
10647,0
18192,1
4102,1
23964,1
19987,1
17307,1
9012,1
32084,1
29854,1
40548,1
5109,0
13054,0
7010,0
29840,1
4249,0
24366,1
18673,-1
38660,0
41635,0
16781,0
13676,1
26886,1
42868,0
27489,1
32696,0
32906,0
11981,1
33987,0
10208,0
17660,0
37269,1
42907,0
39670,0
578,0
5147,1
20096,1
25909,1
19057,0
22030,-1
29992,0
36882,0
14684,-1
15398,-1
17133,1
36558,0
25479,0
40184,0
7268,1
30697,0
9281,0
36986,0
4895,-1
10352,1
43721,0
24118,1
33972,0
12521,0
12343,1
35621,0
5557,1
39034,0
27720,1
31154,0
43250,0
23281,0
32115,0
25765,0
18193,1
11590,1
11669,0
6292,1
41239,0
23615,0
14347,1
28810,0
13891,0
36127,0
35897,0
4780,0
13873,1
21364,0
12336,1
6089,1
30859,0
42026,1
41696,0
17156,1
5625,0
29980,0
17271,-1
10519,1
35560,0
31575,1
21685,0
29245,1
26637,0
42637,0
42966,0
33692,0
22088,-1
41559,0
29191,0
20441,0
34165,0
39596,0
2102,1
39017,0
20010,1
4656,0
6256,1
32763,0
9279,0
13078,1
5265,0
26478,0
9458,0
11942,1
9815,0
21932,0
35573,-1
40202,0
12382,0
25225,0
25809,-1
4288,1
15093,-1
8825,0
11554,-1
21939,0
20007,0
9514,0
14672,0
25080,-1
13273,1
5170,1
32132,0
40592,0
43992,0
10649,1
34518,-1
68,0
22021,0
14029,1
9763,0
272,-1
33053,0
31667,0
41064,0
7081,0
41294,0
35971,0
38625,0
20158,1
19938,1
44285,0
23657,1
6347,1
6952,1
13938,0
7061,1
42326,0
16890,1
29090,0
10487,-1
20740,0
1792,0
42361,0
30663,1
10019,1
31001,0
35028,1
36373,0
13898,0
5822,0
7961,1
4626,0
14882,1
42770,-1
16397,-1
30813,0
23817,1
41614,0
40868,1
16346,0
39966,0
9239,1
13154,0
13966,1
31376,0
44694,0
19185,1
6168,0
38053,0
27828,1
2002,0
33561,0
39050,0
18698,-1
20412,0
32220,1
20709,0
6335,1
42370,0
41673,0
20223,0
12315,1
33391,0
44398,0
16208,0
29862,1
9294,0
22731,1
21856,0
19287,0
2158,1
29484,1
6049,1
37497,0
13180,1
4671,1
13436,1
32111,-1
26564,1
9244,1
4623,1
28983,0
38739,0
10042,1
20632,0
3619,1
23729,0
14692,0
11793,1
39854,0
28942,1
31187,0
14331,1
27025,0
2957,0
3805,0
12211,0
42273,0
18395,0
6349,0
16203,0
30008,-1
13415,0
22089,0
8285,0
29687,1
10397,0
10463,1
39581,0
41090,0
2334,1
12065,0
19007,0
20119,0
32727,0
5502,1
13169,1
31645,0
29347,0
37749,1
26187,0
9053,1
8155,1
2833,1
27940,0
10001,0
5492,1
26533,1
27266,1
9076,0
19510,0
2794,1
17164,1
25730,0
4247,1
29814,0
4570,1
3703,1
7322,1
26778,1
4,1
14091,1
35900,0
27798,1
10581,1
25842,1
17933,1
19990,0
12281,0
19275,-1
1483,1
18254,0
28643,1
6009,1
28971,-1
29386,1
25107,0
40411,0
20280,1
40155,0
25893,1
36208,0
16323,1
37816,0
8674,1
22019,0
8282,1
9364,0
4602,0
4097,0
20379,0
31112,-1
33347,0
4305,1
36189,1
12498,0
19937,1
18713,1
20232,0
14328,1
32863,1
31067,0
9867,0
15115,0
7744,0
712,1
36444,0
9278,0
13806,-1
9298,0
29115,1
41620,-1
8378,1
29331,0
22103,1
29684,0
13002,0
23738,1
41230,0
32804,0
5393,0
15037,0
8093,0
20695,0
16406,1
3365,0
10384,1
31649,0
29218,-1
18087,1
38683,0
614,1
8697,0
14879,0
32658,0
34152,0
2551,0
2706,0
19135,1
2178,-1
43000,0
15221,1
172,1
18752,0
8499,0
8855,0
44712,0
26381,1
26246,1
25204,1
36421,0
32868,0
43268,0
13987,0
1975,1
21914,1
18716,1
13646,0
13637,-1
6355,1
11986,0
35819,0
40520,0
29121,0
27934,0
12643,0
39816,0
28035,1
43341,1
4363,1
26211,0
27501,1
41100,0
16325,0
37894,0
25561,0
37000,0
12423,1
16249,1
9134,0
4901,0
16435,1
452,0
20511,1
13139,1
6965,1
11696,0
26888,1
41494,0
2871,0
14625,0
5471,0
23383,-1
2099,1
9284,0
21958,0
28869,1
20081,0
36405,0
18013,0
22798,1
25845,1
37009,0
14761,1
435,1
41234,0
4169,1
13565,1
32347,0
14495,0
155,1
8435,0
30306,-1
4587,0
4848,1
8337,1
28392,1
21007,1
26791,1
1694,1
40983,1
30511,1
38703,0
18677,0
31168,1
42912,0
10119,1
43380,0
22138,0
8355,0
26775,1
14066,1
11768,1
8304,0
30214,-1
25791,1
42635,0
18137,1
13260,1
11548,1
2127,1
29220,1
313,0
8052,1
14210,0
10509,1
38067,0
766,0
26098,1
11852,0
36975,0
41966,0
2370,0
31246,-1
1715,1
27425,1
23052,1
37368,0
26786,0
33368,0
33790,0
26356,1
22713,0
8274,-1
27796,0
11946,0
43220,0
9469,0
25439,1
5959,1
9770,0
8839,0
5706,0
18818,0
40425,0
32689,-1
27185,1
32493,0
37077,0
27347,1
26938,1
2328,1
7623,0
8580,-1
8396,1
15275,0
44537,0
6095,1
28798,0
19036,0
37063,0
13041,1
277,1
34181,0
5555,0
16741,0
5391,1
40472,0
41612,0
2532,0
39858,0
14290,1
4381,1
7509,0
20027,0
13759,0
30647,0
40559,0
10223,1
37338,0
4795,1
20692,0
37065,0
7039,0
40572,0
6013,1
14707,-1
33694,0
12047,1
20194,0
3425,-1
30958,0
3,1
23534,0
19773,0
4175,0
31303,-1
8062,1
679,1
39544,0
5284,0
9810,0
32420,0
28204,0
37936,0
7139,0
41754,0
24016,1
8373,0
4506,1
20229,1
29214,0
1998,1
29770,-1
96,0
23446,1
25963,0
37484,-1
29775,1
20031,0
20118,1
35552,0
15522,0
9107,0
31839,0
26834,1
23723,1
18260,1
20197,-1
25805,0
25569,0
25233,0
13673,1
511,1
36938,0
2235,0
35531,1
29445,1
2708,0
41033,1
26452,1
20088,1
6447,0
11965,1
30740,0
26096,1
19765,1
11742,0
7591,0
8757,0
8238,0
13388,1
37775,0
10180,0
10007,1
25946,0
27327,-1
20547,0
238,1
11594,0
32519,0
34573,1
1533,0
27465,1
24605,0
9673,0
15082,0
7273,0
28870,0
29059,0
37518,0
36738,0
27943,0
13423,1
13764,1
25882,1
44022,0
31044,0
38314,0
5559,0
13999,0
17003,0
34128,0
25822,1
17258,1
10871,1
2299,1
36846,0
25694,1
13336,1
6189,0
18097,0
1650,-1
33216,0
2476,0
40385,0
12728,1
29201,0
8886,1
25421,1
1640,1
23767,1
1936,1
29592,1
40144,0
34233,0
18976,-1
26440,0
23866,0
25003,0
4256,0
12330,1
32373,0
18721,0
43151,0
39931,0
12644,0
13649,1
3834,0
10809,1
26601,0
15337,1
3991,0
29515,1
37719,0
13407,1
41093,1
41022,0
10319,0
37821,0
30641,1
29448,1
27039,0
18389,1
4199,0
38005,1
20182,0
34079,0
32308,0
24120,0
8160,1
13248,1
5542,1
43631,0
21765,1
8616,0
10266,1
37375,0
21919,0
42509,0
32146,0
22074,0
33419,0
4091,1
25556,1
296,0
19416,1
4940,0
41223,0
14237,1
10700,1
24554,0
42323,0
38698,-1
5389,1
12920,1
27505,1
24579,0
34195,0
43203,0
43678,0
5523,0
23,1
6068,1
371,1
41475,0
18754,0
39664,0
23427,0
44530,0
40921,0
8383,1
17966,1
21471,-1
141,1
34412,0
38796,0
42522,-1
9926,1
21908,0
16140,0
35646,1
12809,0
29342,0
4413,1
191,0
4802,0
13962,-1
25145,-1
8862,1
12355,1
43275,0
37537,0
18890,0
20174,0
27508,1
29682,1
662,1
29524,1
27965,-1
2139,1
14174,1
29744,-1
30051,1
36161,1
41054,0
3461,1
43046,-1
42666,-1
29267,0
2590,0
1664,1
5671,0
42665,1
31283,0
25994,-1
2356,-1
13727,0
21513,-1
30470,0
43648,0
17248,0
40058,0
2249,1
1552,1
13814,1
30734,1
16680,1
41753,0
43328,0
6123,1
22971,1
6350,0
38247,0
43302,0
22027,-1
21630,0
5429,0
16489,1
34300,0
2452,1
42597,-1
41381,0
34515,0
5783,1
32082,0
39892,0
33047,0
9110,1
32870,0
9556,0
7134,1
9245,0
23786,0
31470,0
38777,0
29970,0
36428,0
27744,1
25205,-1
16223,-1
4936,0
28565,0
8741,-1
40156,0
1634,0
38744,0
22003,0
13353,0
11799,0
37995,0
19414,0
10235,0
33166,0
86,1
24610,0
10003,1
31247,0
14288,0
34231,0
22,0
5978,0
40969,0
690,1
13203,1
33525,0
4180,1
22980,1
42006,0
24289,1
11848,0
30426,1
31886,0
31004,0
4906,1
27182,1
31813,0
37815,0
14250,0
12943,1
13986,0
4950,0
29053,1
18871,0
39778,0
37972,0
29483,-1
19190,1
34373,0
805,1
19615,0
14649,1
27483,1
17902,0
18284,1
2076,0
29717,-1
20,0
43848,0
20250,-1
13614,0
26908,1
32109,0
43347,0
11989,1
25102,1
44009,0
35618,0
16739,1
17393,0
36918,0
37832,0
10437,1
36908,0
10712,1
31854,0
28185,0
40758,0
18707,1
24380,1
19979,0
10702,1
8108,0
20294,1
158,0
31379,-1
2199,1
10398,-1
11723,0
21762,0
35981,0
2463,0
19444,1
8888,0
5909,0
28253,1
37295,0
13016,0
400,1
2019,0
13166,1
34263,0
28852,1
36233,1
12716,-1
31093,0
27276,1
34215,0
30728,0
38871,0
20508,0
30105,-1
100,-1
11990,1
41784,0
40139,0
26236,0
8896,1
26368,1
30709,1
8425,0
14062,1
15331,0
31314,-1
39035,0
35680,0
7587,1
34516,0
2738,0
24175,1
24547,-1
12724,-1
9092,0
15653,0
6001,1
10247,0
23834,1
18723,0
8460,0
2118,1
12143,1
35607,0
14048,0
29712,1
7015,1
8356,0
34325,0
14616,0
29786,-1
42588,0
17730,-1
300,1
25403,0
26550,1
12299,0
17356,1
24195,1
36402,0
13220,1
8141,0
19353,1
31223,0
38727,0
834,1
27211,0
4240,1
18960,0
8525,0
32419,0
28094,1
29206,0
25624,0
3229,0
36196,0
484,1
28021,1
26988,0
13155,1
42911,0
796,1
30632,1
24117,1
43287,0
608,1
10880,0
11928,1
2625,0
37398,0
18812,0
12386,1
9425,0
33995,0
25606,0
4882,1
19174,1
31806,0
187,1
43137,0
25465,0
6177,1
5531,1
26053,1
25363,0
41675,0
12107,0
34355,0
29193,0
5768,0
20255,0
30790,1
22786,0
13411,1
11714,0
26158,1
37319,1
5755,1
25975,0
41881,0
24324,1
13122,0
17108,0
12972,1
41964,0
27102,1
17611,0
5705,0
18737,-1
35929,0
12091,0
26195,0
25241,-1
26434,1
652,1
1976,0
8414,0
9622,0
10049,1
3778,0
28178,1
19599,1
205,1
2162,1
5887,-1
33222,0
25784,1
41946,0
21256,0
27155,0
16313,0
27366,1
9057,0
32147,-1
37458,0
34131,0
12446,1
5209,0
37996,0
14763,0
27275,1
26979,1
39016,0
38696,0
41490,0
5777,0
29760,1
10011,1
38321,0
9310,-1
26461,1
40188,0
7078,1
25659,1
25120,0
32885,0
29858,1
24011,1
26133,1
21882,0
14292,-1
29731,0
9899,0
30123,0
38924,0
13034,0
12740,1
42497,0
26166,0
7167,0
26509,1
32413,1
24080,0
2204,0
2164,0
44014,0
694,1
14489,0
14847,1
39261,0
26729,1
16710,1
26020,1
35544,0
11985,1
30268,0
15016,0
4714,1
17981,0
35121,0
32559,1
5754,0
3214,0
10190,0
40163,0
4461,1
17167,0
32381,0
10013,1
20015,1
39381,0
17207,-1
14974,0
29800,1
17317,1
43581,0
21941,0
13766,0
10715,1
36478,0
42959,0
20542,1
20527,0
25041,0
42376,0
22962,1
18463,1
314,1
38031,0
17090,1
7044,1
12376,1
4394,1
6162,1
33679,0
12707,1
32747,0
18103,1
4960,0
41043,1
39820,0
29248,0
17616,0
6174,1
10489,0
18461,1
21870,1
5028,0
25657,1
30823,1
13255,1
30333,0
16330,1
15435,0
38565,0
7356,1
1700,0
16676,0
34123,0
30120,1
34307,0
10549,0
4786,1
37674,-1
12939,0
24937,1
14055,1
41825,0
19121,1
29873,1
21037,0
20075,0
13768,1
5271,0
29310,-1
40395,0
38492,0
3957,1
20311,-1
4219,0
30731,1
44001,0
15367,0
19563,1
9009,0
23727,1
5038,0
10672,1
15425,0
38861,0
39772,0
7620,1
18400,1
4450,0
4947,-1
29268,0
35139,0
14850,1
457,0
2255,1
39797,0
4245,1
21927,0
8776,0
19254,1
331,1
20332,0
28209,0
4679,1
34432,-1
35988,0
28118,1
31790,1
24302,0
40952,0
2525,1
38221,0
9216,1
6033,0
42372,0
19047,1
38002,0
21515,0
26609,0
2116,-1
27360,1
14491,1
19096,1
17182,0
14841,0
18031,0
19450,1
789,1
30216,1
39494,0
9512,0
32478,0
42577,0
20220,1
32785,1
37282,0
29726,0
26243,1
42616,-1
18943,0
27793,0
40463,0
33050,0
13164,1
32047,0
27621,1
36458,0
39827,0
29222,0
29943,0
14175,1
12783,1
26268,1
423,1
7959,1
19960,0
14075,1
12233,0
10571,1
12116,0
9652,0
18115,0
34269,1
37751,0
37213,0
34,0
39010,0
44019,0
13460,1
10763,0
24757,-1
38250,0
13290,1
25802,1
19379,-1
7002,0
18715,1
44021,0
18038,0
42544,-1
39024,0
26710,0
41543,0
26378,1
36262,0
28700,1
26286,0
20099,1
37581,0
5981,1
37052,0
11979,0
36719,-1
32984,0
18422,1
2073,1
30712,1
38044,-1
1841,1
26443,1
36152,0
8156,0
6300,0
17368,0
17657,0
5726,1
26022,1
32200,-1
13202,0
26643,1
13364,0
10350,-1
30117,0
326,1
14126,1
7989,0
4184,1
44520,0
9256,0
36213,0
23705,0
1466,1
564,1
10204,0
37596,1
14076,0
25355,0
5436,1
26649,0
23290,1
19319,0
7294,1
8332,0
44722,0
39324,-1
17094,1
37812,0
5728,1
26584,0
1735,1
41261,-1
24500,-1
31229,0
39860,0
31929,0
25684,1
21718,0
24111,1
36580,1
4038,0
37676,0
18174,1
3262,0
18534,0
28615,1
7136,0
16828,0
27161,1
43619,0
11944,0
8442,1
30595,1
43598,-1
29807,-1
27341,1
12415,1
24722,1
2039,0
32743,0
40526,0
39611,0
2150,1
5782,0
35006,0
43933,0
37381,0
2795,0
37922,1
25699,0
30564,1
738,1
8354,0
14162,0
25627,0
41769,0
579,0
33811,0
5790,0
822,1
23835,-1
23857,0
9152,0
7217,0
42933,0
9526,1
27525,1
4769,-1
12014,0
12679,1
26351,0
30448,-1
21920,0
13558,-1
19391,0
38807,0
39845,0
7420,1
11546,1
10631,1
10641,1
20987,1
32372,0
1865,1
10620,1
34382,1
17343,0
10492,1
27339,1
8942,1
10535,0
8932,1
27122,0
30294,1
14760,1
19654,-1
31815,0
40521,0
21930,0
2256,0
28667,1
24936,1
37717,0
34026,0
11646,0
8923,0
34930,0
29033,0
32803,0
2396,1
21154,0
7276,-1
12675,0
41425,0
8753,-1
39744,0
30491,1
15114,0
14253,0
21983,1
9028,0
36320,0
33717,0
40496,0
24666,0
23683,0
33199,0
24230,0
32927,1
30179,0
14768,0
10460,-1
41004,0
34642,0
32642,0
33577,0
6446,0
9154,0
13689,1
13524,1
34023,0
26084,1
41688,-1
27479,0
42419,1
37322,0
4118,0
40164,0
30465,1
4794,-1
41131,0
29180,1
6688,0
5710,0
5371,1
13470,0
5682,1
36708,0
9709,1
35649,0
18869,0
17915,1
31743,0
29543,1
33548,0
44687,0
32710,0
31619,0
230,0
37487,0
36537,0
42656,0
29886,-1
35568,0
4042,0
37244,1
19943,0
39954,1
8521,0
43225,0
18745,1
43314,0
8311,0
8917,0
4907,0
4182,0
19964,1
29620,1
6850,1
628,0
26819,0
14148,0
25686,0
33110,0
37046,0
6283,1
20383,0
16458,1
24576,0
30522,1
43881,0
29364,0
26097,1
41238,0
24818,1
14613,0
26552,0
40454,0
17579,-1
29230,0
18593,1
30029,0
16763,1
33896,0
36073,0
19541,1
8678,1
38775,0
42655,0
44070,-1
37882,0
31053,0
32797,0
37293,0
4198,1
4532,1
3846,1
4885,1
34663,0
24107,0
31265,0
26237,0
39927,0
43349,0
13701,-1
18683,0
43782,0
19091,0
268,0
9787,1
5485,0
6299,0
13338,0
7984,0
15833,1
27414,1
42899,1
14333,-1
20012,1
41344,1
42399,0
42504,0
2673,-1
5505,1
4791,0
10804,1
26766,0
8294,0
9115,0
30342,0
12371,0
44149,0
32428,0
39823,0
629,1
10229,1
9151,0
20336,0
26051,1
9367,-1
37732,0
6231,1
37718,0
25436,0
29832,0
14499,1
10349,1
19365,0
43152,0
11540,1
19494,0
1644,1
13554,0
23435,1
14023,1
24504,-1
9046,0
5242,-1
257,0
15501,0
9580,1
32890,0
26416,1
4409,0
35902,0
42343,0
7297,-1
33148,0
43904,0
31781,0
4341,0
16245,0
4194,-1
13511,1
17876,0
339,0
8505,0
18945,0
7065,1
17100,1
4383,0
30587,0
706,0
28706,1
9133,0
19247,-1
20273,0
26817,1
19419,1
16860,0
31797,0
14082,1
26991,0
13663,1
14864,1
25647,1
37360,1
23272,1
38686,0
40447,1
14365,0
38003,0
30614,0
27421,0
20944,0
31027,-1
24361,0
26715,1
11975,0
37926,0
8617,0
29604,1
8,1
32107,1
18843,1
4131,1
19996,0
34946,0
5412,0
18839,0
30473,0
1569,0
12071,1
29821,-1
27887,0
31211,1
6239,0
17081,1
17129,1
5237,0
13760,-1
38086,1
4909,0
43620,0
19285,0
37385,0
11667,0
21581,0
17047,1
428,1
2128,1
28998,1
33311,0
14487,1
29306,-1
199,1
38240,0
8292,0
16905,0
29609,1
2293,1
25763,1
14516,1
31539,0
26314,1
14300,0
30153,-1
35859,0
8951,1
3765,0
29166,-1
44586,0
1719,0
41961,0
36482,0
4972,0
29603,0
12792,0
6067,1
37363,-1
3352,0
39665,0
31683,0
9661,0
11947,0
31071,0
34028,0
24966,0
21309,0
24518,-1
35834,0
32208,0
31,-1
4812,0
27913,1
10773,0
23410,1
25147,1
12903,0
6297,1
14829,1
18982,-1
10121,0
43205,-1
27405,1
14283,0
471,1
26614,-1
38039,0
38081,0
14423,0
35473,0
17111,0
5745,0
42336,0
14088,1
31418,0
10757,0
26642,1
29743,-1
29208,0
14731,1
27955,1
653,1
27186,1
19290,0
24436,0
4987,0
3980,0
40756,0
44462,0
9290,0
29360,-1
43600,0
14887,1
5309,1
15153,0
14689,0
21805,0
36001,0
25923,0
24834,0
42004,0
32758,0
37390,0
37245,0
29851,0
16845,1
4721,0
37029,0
11641,0
25738,1
27637,1
36480,1
30842,1
26267,1
14975,0
23990,1
19387,1
5491,0
23645,0
40704,0
5090,0
14604,1
15415,0
44534,0
11825,0
37524,-1
31676,0
9772,0
17721,1
14571,1
10182,0
13146,0
25814,0
13493,0
5455,0
34133,0
41474,0
44301,0
26150,1
28574,0
19517,0
2533,0
29783,-1
25830,0
14935,0
42772,-1
4866,0
10619,0
30519,1
20751,0
21866,0
23601,1
38811,0
